,-,A,R,N,D,C,Q,E,G,H,I,L,K,M,F,P,S,T,W,Y,V
-,60.2000,3.3000,1.7000,1.1000,1.1000,2.8000,2.1000,1.2000,1.8000,2.2000,2.6000,2.3000,0.7000,2.2000,2.2000,2.1000,1.7000,2.1000,2.1000,1.8000,2.7000
A,21.5000,51.3000,0.7000,0.6000,1.1000,1.0000,1.2000,1.2000,3.0000,0.4000,1.2000,2.1000,1.2000,0.7000,0.2000,2.1000,4.2000,2.8000,0.3000,0.2000,3.2000
R,11.4000,1.2000,62.9000,1.6000,0.7000,0.1000,2.9000,0.9000,0.7000,1.6000,0.6000,1.1000,7.3000,0.5000,0.4000,0.6000,2.2000,1.6000,0.6000,0.4000,0.8000
N,7.5000,1.8000,1.5000,52.6000,6.4000,0.4000,2.3000,2.7000,2.8000,1.7000,0.4000,1.0000,4.8000,0.8000,0.4000,0.1000,7.9000,2.7000,0.3000,1.2000,0.9000
D,7.4000,2.8000,0.7000,8.0000,59.2000,0.3000,1.7000,8.3000,2.3000,0.3000,0.4000,0.4000,2.3000,0.2000,0.1000,1.4000,2.6000,1.2000,0.0000,0.4000,0.2000
C,18.1000,4.2000,0.0000,0.3000,1.3000,64.7000,0.0000,0.9000,1.1000,0.5000,1.1000,1.0000,0.0000,1.5000,2.2000,0.0000,1.7000,0.9000,0.0000,0.1000,0.3000
Q,13.9000,3.1000,3.7000,1.8000,1.7000,0.1000,51.0000,5.9000,1.0000,1.7000,0.5000,3.0000,3.9000,0.8000,0.1000,1.0000,2.3000,2.6000,0.1000,0.6000,1.4000
E,7.8000,4.3000,0.9000,1.3000,6.7000,0.2000,4.5000,58.3000,1.1000,1.1000,0.6000,1.0000,4.2000,0.5000,0.3000,1.4000,2.5000,1.8000,0.2000,0.1000,1.3000
G,11.8000,2.6000,0.4000,2.2000,2.3000,0.3000,0.6000,1.6000,71.0000,0.3000,0.0000,0.1000,1.2000,0.3000,0.5000,0.3000,2.2000,1.7000,0.2000,0.2000,0.4000
H,14.1000,0.9000,3.3000,5.0000,1.0000,0.1000,2.2000,1.7000,0.8000,54.8000,0.6000,1.1000,1.3000,0.5000,1.9000,1.4000,2.6000,0.1000,0.0000,4.4000,2.4000
I,17.2000,0.3000,0.3000,0.2000,0.1000,0.3000,0.2000,0.3000,0.0000,0.1000,54.4000,7.6000,0.7000,2.0000,1.5000,0.6000,0.0000,2.1000,0.3000,0.6000,11.3000
L,15.0000,0.7000,1.2000,0.4000,0.1000,0.2000,0.8000,0.4000,0.3000,0.6000,3.8000,64.4000,0.8000,3.5000,2.8000,0.5000,0.3000,0.6000,0.5000,0.7000,2.6000
K,4.8000,3.8000,7.9000,2.3000,1.6000,0.2000,4.6000,4.9000,1.2000,1.3000,0.4000,1.4000,56.0000,0.4000,0.4000,0.9000,3.0000,3.2000,0.1000,0.3000,1.4000
M,14.4000,2.8000,0.7000,0.2000,0.0000,0.4000,1.1000,1.9000,1.1000,0.1000,6.6000,7.7000,1.8000,49.9000,2.1000,0.1000,1.4000,2.7000,0.8000,0.8000,3.5000
F,14.2000,0.6000,0.5000,0.5000,0.2000,0.5000,0.4000,0.2000,0.1000,0.5000,1.7000,2.8000,0.7000,0.6000,66.6000,0.4000,0.8000,0.5000,1.1000,5.9000,1.2000
P,13.8000,4.9000,1.3000,0.6000,0.8000,0.0000,0.8000,1.3000,0.9000,0.4000,0.4000,1.0000,1.3000,0.3000,0.1000,66.0000,3.5000,1.3000,0.1000,0.4000,0.9000
S,11.3000,7.4000,1.3000,2.7000,3.0000,0.9000,1.1000,1.9000,4.3000,0.8000,0.1000,0.5000,1.8000,0.3000,0.3000,2.3000,50.1000,8.1000,0.0000,0.5000,1.3000
T,13.7000,4.0000,0.9000,2.5000,1.2000,0.2000,1.3000,1.2000,0.6000,0.6000,2.8000,2.3000,2.0000,0.7000,0.2000,1.3000,7.4000,53.0000,0.3000,0.4000,3.6000
W,13.7000,0.1000,0.1000,0.1000,0.0000,0.0000,0.0000,0.0000,0.0000,0.0000,0.6000,2.0000,0.5000,0.2000,2.5000,0.4000,0.0000,0.1000,75.4000,4.2000,0.1000
Y,11.6000,0.6000,0.4000,0.4000,0.2000,0.5000,0.1000,0.6000,0.2000,1.5000,1.6000,3.0000,0.6000,0.4000,7.8000,0.1000,0.7000,0.7000,1.0000,66.8000,1.2000
V,17.5000,2.5000,0.4000,0.5000,0.4000,0.6000,0.8000,0.6000,0.6000,0.6000,10.4000,3.7000,0.7000,0.9000,1.6000,0.3000,0.7000,1.6000,0.3000,0.7000,54.8000
