,A,C,D,E,F,G,H,I,K,L,M,N,P,Q,R,S,T,V,W,Y,J
A,0.2750,0.0000,0.0250,0.0470,0.0230,0.0860,0.0070,0.0290,0.0360,0.0310,0.0740,0.0410,0.0350,0.0500,0.0500,0.0570,0.0550,0.0650,0.0140,0.0310,0.0800
C,0.0000,0.9100,0.0000,0.0160,0.0140,0.0000,0.0000,0.0030,0.0080,0.0000,0.0000,0.0000,0.0000,0.0080,0.0150,0.0020,0.0010,0.0000,0.0000,0.0000,0.0200
D,0.0080,0.0000,0.3500,0.0590,0.0080,0.0110,0.0140,0.0170,0.0180,0.0060,0.0000,0.0950,0.0400,0.0200,0.0100,0.0260,0.0200,0.0130,0.0060,0.0120,0.0000
E,0.0180,0.0160,0.0540,0.1920,0.0040,0.0150,0.0210,0.0120,0.0710,0.0090,0.0370,0.0390,0.0280,0.0560,0.0530,0.0180,0.0360,0.0180,0.0020,0.0150,0.0000
F,0.0200,0.0220,0.0130,0.0050,0.3980,0.0080,0.0210,0.0490,0.0170,0.0460,0.0230,0.0060,0.0120,0.0060,0.0150,0.0200,0.0120,0.0210,0.0710,0.0960,0.0200
G,0.0920,0.0000,0.0210,0.0330,0.0150,0.6230,0.0070,0.0160,0.0180,0.0160,0.0420,0.0190,0.0170,0.0330,0.0170,0.0360,0.0280,0.0130,0.0490,0.0210,0.0200
H,0.0030,0.0000,0.0060,0.0100,0.0080,0.0020,0.3320,0.0060,0.0220,0.0040,0.0000,0.0350,0.0140,0.0210,0.0230,0.0090,0.0100,0.0090,0.0000,0.0080,0.0200
I,0.0400,0.0100,0.0440,0.0210,0.0890,0.0200,0.0170,0.3580,0.0220,0.1050,0.0770,0.0250,0.0120,0.0100,0.0150,0.0210,0.0260,0.1190,0.0410,0.0340,0.0200
K,0.0240,0.0110,0.0210,0.0990,0.0150,0.0070,0.0700,0.0130,0.2990,0.0170,0.0120,0.0600,0.0520,0.0600,0.1390,0.0260,0.0510,0.0100,0.0040,0.0170,0.0400
L,0.0570,0.0000,0.0270,0.0310,0.1110,0.0230,0.0310,0.1430,0.0510,0.4590,0.1690,0.0310,0.0380,0.0260,0.0310,0.0250,0.0280,0.1190,0.0960,0.0440,0.0600
M,0.0260,0.0000,0.0060,0.0210,0.0110,0.0130,0.0210,0.0210,0.0070,0.0310,0.2440,0.0100,0.0020,0.0310,0.0020,0.0070,0.0130,0.0190,0.0060,0.0060,0.0000
N,0.0160,0.0000,0.0920,0.0440,0.0030,0.0180,0.0730,0.0080,0.0380,0.0080,0.0190,0.2610,0.0260,0.0160,0.0110,0.0360,0.0320,0.0040,0.0120,0.0170,0.0000
P,0.0140,0.0000,0.0270,0.0200,0.0010,0.0050,0.0210,0.0070,0.0290,0.0190,0.0020,0.0170,0.5040,0.0110,0.0230,0.0100,0.0210,0.0090,0.0180,0.0030,0.0000
Q,0.0380,0.0140,0.0330,0.0680,0.0060,0.0200,0.0730,0.0080,0.0710,0.0140,0.0770,0.0370,0.0190,0.4140,0.1180,0.0250,0.0450,0.0150,0.0020,0.0130,0.0000
R,0.0220,0.0110,0.0060,0.0420,0.0070,0.0100,0.0380,0.0080,0.0790,0.0080,0.0020,0.0120,0.0310,0.0550,0.2140,0.0150,0.0270,0.0100,0.0140,0.0170,0.0000
S,0.0780,0.0030,0.0850,0.0410,0.0290,0.0560,0.0520,0.0240,0.0480,0.0220,0.0300,0.1120,0.0400,0.0420,0.0650,0.4030,0.1400,0.0280,0.0140,0.0400,0.0400
T,0.0810,0.0020,0.0750,0.1110,0.0210,0.0370,0.0520,0.0270,0.0950,0.0220,0.0490,0.1100,0.0730,0.0780,0.0920,0.1530,0.3630,0.0440,0.0080,0.0370,0.0200
V,0.1410,0.0000,0.0580,0.0650,0.0740,0.0270,0.0700,0.2020,0.0340,0.1450,0.1230,0.0190,0.0330,0.0390,0.0460,0.0430,0.0620,0.4460,0.0270,0.0590,0.0400
W,0.0050,0.0000,0.0080,0.0020,0.0480,0.0000,0.0000,0.0130,0.0010,0.0190,0.0050,0.0150,0.0120,0.0010,0.0130,0.0030,0.0020,0.0050,0.5590,0.0170,0.0000
Y,0.0260,0.0000,0.0270,0.0370,0.1120,0.0110,0.0490,0.0240,0.0200,0.0180,0.0140,0.0330,0.0050,0.0130,0.0320,0.0260,0.0220,0.0230,0.0510,0.5050,0.0000
J,0.0030,0.0020,0.0000,0.0000,0.0010,0.0010,0.0070,0.0010,0.0030,0.0010,0.0000,0.0000,0.0000,0.0000,0.0000,0.0020,0.0010,0.0010,0.0000,0.0000,0.6200
