,A,R,N,D,C,Q,E,G,H,I,L,K,M,F,P,S,T,W,Y,V
A,4.0000,-1.0000,0.0000,-2.0000,0.0000,0.0000,-3.0000,-1.0000,0.0000,0.0000,0.0000,-1.0000,1.0000,0.0000,0.0000,0.0000,0.0000,0.0000,0.0000,1.0000
R,-1.0000,4.0000,0.0000,-1.0000,-1.0000,0.0000,-1.0000,-1.0000,0.0000,-2.0000,-1.0000,2.0000,0.0000,-2.0000,0.0000,-1.0000,0.0000,0.0000,-1.0000,-2.0000
N,0.0000,0.0000,4.0000,0.0000,0.0000,1.0000,0.0000,0.0000,0.0000,-1.0000,-1.0000,0.0000,0.0000,-1.0000,0.0000,1.0000,1.0000,-1.0000,0.0000,-1.0000
D,-2.0000,-1.0000,0.0000,4.0000,-2.0000,-1.0000,0.0000,-2.0000,-1.0000,-4.0000,-3.0000,-1.0000,-1.0000,-4.0000,-1.0000,-1.0000,-1.0000,-3.0000,-3.0000,-3.0000
C,0.0000,-1.0000,0.0000,-2.0000,4.0000,0.0000,-2.0000,0.0000,0.0000,0.0000,0.0000,-2.0000,1.0000,0.0000,-1.0000,0.0000,0.0000,0.0000,0.0000,0.0000
Q,0.0000,0.0000,1.0000,-1.0000,0.0000,4.0000,0.0000,0.0000,0.0000,0.0000,0.0000,0.0000,1.0000,0.0000,0.0000,0.0000,1.0000,0.0000,1.0000,-1.0000
E,-3.0000,-1.0000,0.0000,0.0000,-2.0000,0.0000,4.0000,-2.0000,-1.0000,-4.0000,-3.0000,-1.0000,-1.0000,-4.0000,-1.0000,-2.0000,-1.0000,-2.0000,-4.0000,-4.0000
G,-1.0000,-1.0000,0.0000,-2.0000,0.0000,0.0000,-2.0000,4.0000,-1.0000,-2.0000,-1.0000,-1.0000,0.0000,-2.0000,0.0000,0.0000,0.0000,-2.0000,-2.0000,-2.0000
H,0.0000,0.0000,0.0000,-1.0000,0.0000,0.0000,-1.0000,-1.0000,4.0000,-1.0000,-1.0000,0.0000,0.0000,0.0000,0.0000,-1.0000,-1.0000,0.0000,0.0000,-1.0000
I,0.0000,-2.0000,-1.0000,-4.0000,0.0000,0.0000,-4.0000,-2.0000,-1.0000,4.0000,1.0000,-2.0000,2.0000,0.0000,0.0000,-1.0000,0.0000,0.0000,0.0000,2.0000
L,0.0000,-1.0000,-1.0000,-3.0000,0.0000,0.0000,-3.0000,-1.0000,-1.0000,1.0000,4.0000,-2.0000,2.0000,1.0000,0.0000,-1.0000,0.0000,1.0000,0.0000,1.0000
K,-1.0000,2.0000,0.0000,-1.0000,-2.0000,0.0000,-1.0000,-1.0000,0.0000,-2.0000,-2.0000,4.0000,0.0000,-2.0000,0.0000,0.0000,0.0000,-2.0000,-2.0000,-3.0000
M,1.0000,0.0000,0.0000,-1.0000,1.0000,1.0000,-1.0000,0.0000,0.0000,2.0000,2.0000,0.0000,4.0000,2.0000,1.0000,0.0000,0.0000,2.0000,0.0000,1.0000
F,0.0000,-2.0000,-1.0000,-4.0000,0.0000,0.0000,-4.0000,-2.0000,0.0000,0.0000,1.0000,-2.0000,2.0000,4.0000,0.0000,-2.0000,-2.0000,2.0000,1.0000,0.0000
P,0.0000,0.0000,0.0000,-1.0000,-1.0000,0.0000,-1.0000,0.0000,0.0000,0.0000,0.0000,0.0000,1.0000,0.0000,4.0000,0.0000,0.0000,0.0000,-1.0000,0.0000
S,0.0000,-1.0000,1.0000,-1.0000,0.0000,0.0000,-2.0000,0.0000,-1.0000,-1.0000,-1.0000,0.0000,0.0000,-2.0000,0.0000,4.0000,1.0000,-1.0000,-1.0000,-1.0000
T,0.0000,0.0000,1.0000,-1.0000,0.0000,1.0000,-1.0000,0.0000,-1.0000,0.0000,0.0000,0.0000,0.0000,-2.0000,0.0000,1.0000,4.0000,-1.0000,-1.0000,0.0000
W,0.0000,0.0000,-1.0000,-3.0000,0.0000,0.0000,-2.0000,-2.0000,0.0000,0.0000,1.0000,-2.0000,2.0000,2.0000,0.0000,-1.0000,-1.0000,4.0000,1.0000,0.0000
Y,0.0000,-1.0000,0.0000,-3.0000,0.0000,1.0000,-4.0000,-2.0000,0.0000,0.0000,0.0000,-2.0000,0.0000,1.0000,-1.0000,-1.0000,-1.0000,1.0000,4.0000,0.0000
V,1.0000,-2.0000,-1.0000,-3.0000,0.0000,-1.0000,-4.0000,-2.0000,-1.0000,2.0000,1.0000,-3.0000,1.0000,0.0000,0.0000,-1.0000,0.0000,0.0000,0.0000,4.0000
