main_matrix_name,aux_matrix_name,rmse
DOSZ010101.csv,JOHM930101.csv,0.8536
DOSZ010101.csv,KOSJ950106.csv,0.8529
DOSZ010101.csv,LUTR910102.csv,0.8536
DOSZ010101.csv,MUET020102.csv,0.8529
DOSZ010101.csv,KOLA920101.csv,0.8518
DOSZ010101.csv,TUDE900101.csv,0.8533
DOSZ010101.csv,KOSJ950111.csv,0.8527
DOSZ010101.csv,OVEJ920101.csv,0.8535
DOSZ010101.csv,KOSJ950110.csv,0.8526
DOSZ010101.csv,NIEK910101.csv,0.8531
DOSZ010101.csv,CSEM940101.csv,0.8534
DOSZ010101.csv,NGPC000101.csv,0.8532
DOSZ010101.csv,GONG920101.csv,0.8532
DOSZ010101.csv,KOSJ950114.csv,0.8529
DOSZ010101.csv,HENS920104.csv,0.8528
DOSZ010101.csv,RUSR970101.csv,0.8547
DOSZ010101.csv,QU_C930101.csv,0.8515
DOSZ010101.csv,KOSJ950109.csv,0.8529
DOSZ010101.csv,MIYS930101.csv,0.8538
DOSZ010101.csv,HENS920101.csv,0.8532
DOSZ010101.csv,KOSJ950107.csv,0.8514
DOSZ010101.csv,DAYM780301.csv,0.8530
DOSZ010101.csv,NAOD960101.csv,0.8543
DOSZ010101.csv,ALTS910101.csv,0.8535
DOSZ010101.csv,OVEJ920103.csv,0.8536
DOSZ010101.csv,AZAE970101.csv,0.8542
DOSZ010101.csv,MOHR870101.csv,0.8533
DOSZ010101.csv,PRLA000102.csv,0.8524
DOSZ010101.csv,AZAE970102.csv,0.8544
DOSZ010101.csv,JOND920103.csv,0.8531
DOSZ010101.csv,KOSJ950105.csv,0.8522
DOSZ010101.csv,DOSZ010102.csv,0.8552
DOSZ010101.csv,KOSJ950101.csv,0.8523
DOSZ010101.csv,GRAR740104.csv,0.8525
DOSZ010101.csv,FEND850101.csv,0.8530
DOSZ010101.csv,MUET020101.csv,0.8530
DOSZ010101.csv,LUTR910107.csv,0.8538
DOSZ010101.csv,HENS920103.csv,0.8531
DOSZ010101.csv,KOSJ950104.csv,0.8522
DOSZ010101.csv,LUTR910106.csv,0.8539
DOSZ010101.csv,RUSR970103.csv,0.8545
DOSZ010101.csv,CROG050101.csv,0.8530
DOSZ010101.csv,BENS940102.csv,0.8532
DOSZ010101.csv,DOSZ010103.csv,0.8529
DOSZ010101.csv,BENS940103.csv,0.8531
DOSZ010101.csv,WEIL970101.csv,0.8531
DOSZ010101.csv,KOSJ950108.csv,0.8514
DOSZ010101.csv,BENS940101.csv,0.8527
DOSZ010101.csv,LUTR910104.csv,0.8541
DOSZ010101.csv,OVEJ920105.csv,0.8536
DOSZ010101.csv,LINK010101.csv,0.8523
DOSZ010101.csv,MCLA710101.csv,0.8535
DOSZ010101.csv,LUTR910105.csv,0.8531
DOSZ010101.csv,MIYT790101.csv,0.8535
DOSZ010101.csv,HENS920102.csv,0.8531
DOSZ010101.csv,GEOD900101.csv,0.8552
DOSZ010101.csv,WEIL970102.csv,0.8531
DOSZ010101.csv,RUSR970102.csv,0.8547
DOSZ010101.csv,DOSZ010104.csv,0.8534
DOSZ010101.csv,MCLA720101.csv,0.8517
DOSZ010101.csv,LUTR910101.csv,0.8536
DOSZ010101.csv,BENS940104.csv,0.8516
DOSZ010101.csv,NIEK910102.csv,0.8531
DOSZ010101.csv,BLAJ010101.csv,0.8527
DOSZ010101.csv,RIER950101.csv,0.8543
DOSZ010101.csv,LUTR910103.csv,0.8529
DOSZ010101.csv,KOSJ950113.csv,0.8534
DOSZ010101.csv,LUTR910108.csv,0.8532
DOSZ010101.csv,LUTR910109.csv,0.8536
DOSZ010101.csv,KOSJ950112.csv,0.8527
DOSZ010101.csv,JOND940101.csv,0.8530
DOSZ010101.csv,OVEJ920104.csv,0.8536
DOSZ010101.csv,PRLA000101.csv,0.8529
DOSZ010101.csv,KANM000101.csv,0.8530
DOSZ010101.csv,OGAK980101.csv,0.8529
DOSZ010101.csv,MUET010101.csv,0.8526
DOSZ010101.csv,GIAG010101.csv,0.8540
DOSZ010101.csv,KAPO950101.csv,0.8534
DOSZ010101.csv,KOSJ950102.csv,0.8526
DOSZ010101.csv,QUIB020101.csv,0.8535
DOSZ010101.csv,LEVJ860101.csv,0.8533
DOSZ010101.csv,MEHP950102.csv,0.8542
DOSZ010101.csv,VOGG950101.csv,0.8532
DOSZ010101.csv,KOSJ950103.csv,0.8523
DOSZ010101.csv,FITW660101.csv,0.8515
DOSZ010101.csv,KOSJ950115.csv,0.8524
DOSZ010101.csv,OVEJ920102.csv,0.8538
DOSZ010101.csv,QU_C930102.csv,0.8522
DOSZ010101.csv,RISJ880101.csv,0.8535
DOSZ010101.csv,QU_C930103.csv,0.8521
DOSZ010101.csv,DAYM780302.csv,0.8535
KOSJ950107.csv,JOHM930101.csv,0.8525
KOSJ950107.csv,KOSJ950106.csv,0.8536
KOSJ950107.csv,LUTR910102.csv,0.8538
KOSJ950107.csv,MUET020102.csv,0.8533
KOSJ950107.csv,KOLA920101.csv,0.8540
KOSJ950107.csv,TUDE900101.csv,0.8528
KOSJ950107.csv,KOSJ950111.csv,0.8540
KOSJ950107.csv,OVEJ920101.csv,0.8529
KOSJ950107.csv,KOSJ950110.csv,0.8526
KOSJ950107.csv,NIEK910101.csv,0.8524
KOSJ950107.csv,CSEM940101.csv,0.8526
KOSJ950107.csv,NGPC000101.csv,0.8527
KOSJ950107.csv,GONG920101.csv,0.8531
KOSJ950107.csv,KOSJ950114.csv,0.8528
KOSJ950107.csv,HENS920104.csv,0.8525
KOSJ950107.csv,RUSR970101.csv,0.8519
KOSJ950107.csv,QU_C930101.csv,0.8520
KOSJ950107.csv,KOSJ950109.csv,0.8528
KOSJ950107.csv,MIYS930101.csv,0.8538
KOSJ950107.csv,HENS920101.csv,0.8524
KOSJ950107.csv,DAYM780301.csv,0.8532
KOSJ950107.csv,NAOD960101.csv,0.8529
KOSJ950107.csv,ALTS910101.csv,0.8529
KOSJ950107.csv,OVEJ920103.csv,0.8549
KOSJ950107.csv,AZAE970101.csv,0.8532
KOSJ950107.csv,MOHR870101.csv,0.8530
KOSJ950107.csv,PRLA000102.csv,0.8526
KOSJ950107.csv,AZAE970102.csv,0.8528
KOSJ950107.csv,JOND920103.csv,0.8529
KOSJ950107.csv,KOSJ950105.csv,0.8561
KOSJ950107.csv,DOSZ010102.csv,0.8532
KOSJ950107.csv,KOSJ950101.csv,0.8534
KOSJ950107.csv,GRAR740104.csv,0.8528
KOSJ950107.csv,FEND850101.csv,0.8533
KOSJ950107.csv,MUET020101.csv,0.8528
KOSJ950107.csv,LUTR910107.csv,0.8532
KOSJ950107.csv,HENS920103.csv,0.8526
KOSJ950107.csv,KOSJ950104.csv,0.8540
KOSJ950107.csv,LUTR910106.csv,0.8529
KOSJ950107.csv,RUSR970103.csv,0.8528
KOSJ950107.csv,CROG050101.csv,0.8527
KOSJ950107.csv,BENS940102.csv,0.8526
KOSJ950107.csv,DOSZ010103.csv,0.8533
KOSJ950107.csv,BENS940103.csv,0.8530
KOSJ950107.csv,WEIL970101.csv,0.8521
KOSJ950107.csv,KOSJ950108.csv,0.8585
KOSJ950107.csv,BENS940101.csv,0.8527
KOSJ950107.csv,LUTR910104.csv,0.8535
KOSJ950107.csv,OVEJ920105.csv,0.8538
KOSJ950107.csv,LINK010101.csv,0.8533
KOSJ950107.csv,MCLA710101.csv,0.8535
KOSJ950107.csv,LUTR910105.csv,0.8529
KOSJ950107.csv,MIYT790101.csv,0.8530
KOSJ950107.csv,HENS920102.csv,0.8524
KOSJ950107.csv,GEOD900101.csv,0.8534
KOSJ950107.csv,WEIL970102.csv,0.8536
KOSJ950107.csv,RUSR970102.csv,0.8513
KOSJ950107.csv,DOSZ010104.csv,0.8537
KOSJ950107.csv,MCLA720101.csv,0.8532
KOSJ950107.csv,LUTR910101.csv,0.8532
KOSJ950107.csv,BENS940104.csv,0.8543
KOSJ950107.csv,NIEK910102.csv,0.8519
KOSJ950107.csv,BLAJ010101.csv,0.8529
KOSJ950107.csv,RIER950101.csv,0.8528
KOSJ950107.csv,LUTR910103.csv,0.8522
KOSJ950107.csv,KOSJ950113.csv,0.8535
KOSJ950107.csv,LUTR910108.csv,0.8531
KOSJ950107.csv,DOSZ010101.csv,0.8528
KOSJ950107.csv,LUTR910109.csv,0.8531
KOSJ950107.csv,KOSJ950112.csv,0.8533
KOSJ950107.csv,JOND940101.csv,0.8537
KOSJ950107.csv,OVEJ920104.csv,0.8527
KOSJ950107.csv,PRLA000101.csv,0.8530
KOSJ950107.csv,KANM000101.csv,0.8525
KOSJ950107.csv,OGAK980101.csv,0.8531
KOSJ950107.csv,MUET010101.csv,0.8527
KOSJ950107.csv,GIAG010101.csv,0.8561
KOSJ950107.csv,KAPO950101.csv,0.8534
KOSJ950107.csv,KOSJ950102.csv,0.8531
KOSJ950107.csv,QUIB020101.csv,0.8532
KOSJ950107.csv,LEVJ860101.csv,0.8535
KOSJ950107.csv,MEHP950102.csv,0.8539
KOSJ950107.csv,VOGG950101.csv,0.8531
KOSJ950107.csv,KOSJ950103.csv,0.8550
KOSJ950107.csv,FITW660101.csv,0.8547
KOSJ950107.csv,KOSJ950115.csv,0.8532
KOSJ950107.csv,OVEJ920102.csv,0.8540
KOSJ950107.csv,QU_C930102.csv,0.8527
KOSJ950107.csv,RISJ880101.csv,0.8532
KOSJ950107.csv,QU_C930103.csv,0.8524
KOSJ950107.csv,DAYM780302.csv,0.8533
OVEJ920104.csv,JOHM930101.csv,0.8545
OVEJ920104.csv,KOSJ950106.csv,0.8567
OVEJ920104.csv,LUTR910102.csv,0.8540
OVEJ920104.csv,MUET020102.csv,0.8533
OVEJ920104.csv,KOLA920101.csv,0.8538
OVEJ920104.csv,TUDE900101.csv,0.8556
OVEJ920104.csv,KOSJ950111.csv,0.8560
OVEJ920104.csv,OVEJ920101.csv,0.8545
OVEJ920104.csv,KOSJ950110.csv,0.8566
OVEJ920104.csv,NIEK910101.csv,0.8542
OVEJ920104.csv,CSEM940101.csv,0.8541
OVEJ920104.csv,NGPC000101.csv,0.8537
OVEJ920104.csv,GONG920101.csv,0.8531
OVEJ920104.csv,KOSJ950114.csv,0.8560
OVEJ920104.csv,HENS920104.csv,0.8546
OVEJ920104.csv,RUSR970101.csv,0.8549
OVEJ920104.csv,QU_C930101.csv,0.8526
OVEJ920104.csv,KOSJ950109.csv,0.8536
OVEJ920104.csv,MIYS930101.csv,0.8558
OVEJ920104.csv,HENS920101.csv,0.8544
OVEJ920104.csv,KOSJ950107.csv,0.8533
OVEJ920104.csv,DAYM780301.csv,0.8537
OVEJ920104.csv,NAOD960101.csv,0.8539
OVEJ920104.csv,ALTS910101.csv,0.8527
OVEJ920104.csv,OVEJ920103.csv,0.8565
OVEJ920104.csv,AZAE970101.csv,0.8537
OVEJ920104.csv,MOHR870101.csv,0.8533
OVEJ920104.csv,PRLA000102.csv,0.8540
OVEJ920104.csv,AZAE970102.csv,0.8541
OVEJ920104.csv,JOND920103.csv,0.8532
OVEJ920104.csv,KOSJ950105.csv,0.8532
OVEJ920104.csv,DOSZ010102.csv,0.8535
OVEJ920104.csv,KOSJ950101.csv,0.8546
OVEJ920104.csv,GRAR740104.csv,0.8537
OVEJ920104.csv,FEND850101.csv,0.8529
OVEJ920104.csv,MUET020101.csv,0.8528
OVEJ920104.csv,LUTR910107.csv,0.8543
OVEJ920104.csv,HENS920103.csv,0.8544
OVEJ920104.csv,KOSJ950104.csv,0.8538
OVEJ920104.csv,LUTR910106.csv,0.8535
OVEJ920104.csv,RUSR970103.csv,0.8542
OVEJ920104.csv,CROG050101.csv,0.8529
OVEJ920104.csv,BENS940102.csv,0.8530
OVEJ920104.csv,DOSZ010103.csv,0.8518
OVEJ920104.csv,BENS940103.csv,0.8534
OVEJ920104.csv,WEIL970101.csv,0.8541
OVEJ920104.csv,KOSJ950108.csv,0.8530
OVEJ920104.csv,BENS940101.csv,0.8536
OVEJ920104.csv,LUTR910104.csv,0.8553
OVEJ920104.csv,OVEJ920105.csv,0.8528
OVEJ920104.csv,LINK010101.csv,0.8546
OVEJ920104.csv,MCLA710101.csv,0.8550
OVEJ920104.csv,LUTR910105.csv,0.8545
OVEJ920104.csv,MIYT790101.csv,0.8536
OVEJ920104.csv,HENS920102.csv,0.8531
OVEJ920104.csv,GEOD900101.csv,0.8537
OVEJ920104.csv,WEIL970102.csv,0.8530
OVEJ920104.csv,RUSR970102.csv,0.8546
OVEJ920104.csv,DOSZ010104.csv,0.8547
OVEJ920104.csv,MCLA720101.csv,0.8529
OVEJ920104.csv,LUTR910101.csv,0.8559
OVEJ920104.csv,BENS940104.csv,0.8513
OVEJ920104.csv,NIEK910102.csv,0.8543
OVEJ920104.csv,BLAJ010101.csv,0.8546
OVEJ920104.csv,RIER950101.csv,0.8543
OVEJ920104.csv,LUTR910103.csv,0.8536
OVEJ920104.csv,KOSJ950113.csv,0.8558
OVEJ920104.csv,LUTR910108.csv,0.8534
OVEJ920104.csv,DOSZ010101.csv,0.8542
OVEJ920104.csv,LUTR910109.csv,0.8548
OVEJ920104.csv,KOSJ950112.csv,0.8534
OVEJ920104.csv,JOND940101.csv,0.8535
OVEJ920104.csv,PRLA000101.csv,0.8532
OVEJ920104.csv,KANM000101.csv,0.8539
OVEJ920104.csv,OGAK980101.csv,0.8551
OVEJ920104.csv,MUET010101.csv,0.8537
OVEJ920104.csv,GIAG010101.csv,0.8553
OVEJ920104.csv,KAPO950101.csv,0.8528
OVEJ920104.csv,KOSJ950102.csv,0.8557
OVEJ920104.csv,QUIB020101.csv,0.8538
OVEJ920104.csv,LEVJ860101.csv,0.8543
OVEJ920104.csv,MEHP950102.csv,0.8547
OVEJ920104.csv,VOGG950101.csv,0.8531
OVEJ920104.csv,KOSJ950103.csv,0.8555
OVEJ920104.csv,FITW660101.csv,0.8530
OVEJ920104.csv,KOSJ950115.csv,0.8557
OVEJ920104.csv,OVEJ920102.csv,0.8547
OVEJ920104.csv,QU_C930102.csv,0.8534
OVEJ920104.csv,RISJ880101.csv,0.8551
OVEJ920104.csv,QU_C930103.csv,0.8528
OVEJ920104.csv,DAYM780302.csv,0.8552
DOSZ010102.csv,JOHM930101.csv,0.8533
DOSZ010102.csv,KOSJ950106.csv,0.8530
DOSZ010102.csv,LUTR910102.csv,0.8532
DOSZ010102.csv,MUET020102.csv,0.8533
DOSZ010102.csv,KOLA920101.csv,0.8530
DOSZ010102.csv,TUDE900101.csv,0.8533
DOSZ010102.csv,KOSJ950111.csv,0.8532
DOSZ010102.csv,OVEJ920101.csv,0.8529
DOSZ010102.csv,KOSJ950110.csv,0.8533
DOSZ010102.csv,NIEK910101.csv,0.8534
DOSZ010102.csv,CSEM940101.csv,0.8530
DOSZ010102.csv,NGPC000101.csv,0.8540
DOSZ010102.csv,GONG920101.csv,0.8538
DOSZ010102.csv,KOSJ950114.csv,0.8525
DOSZ010102.csv,HENS920104.csv,0.8535
DOSZ010102.csv,RUSR970101.csv,0.8559
DOSZ010102.csv,QU_C930101.csv,0.8527
DOSZ010102.csv,KOSJ950109.csv,0.8529
DOSZ010102.csv,MIYS930101.csv,0.8530
DOSZ010102.csv,HENS920101.csv,0.8537
DOSZ010102.csv,KOSJ950107.csv,0.8532
DOSZ010102.csv,DAYM780301.csv,0.8528
DOSZ010102.csv,NAOD960101.csv,0.8536
DOSZ010102.csv,ALTS910101.csv,0.8537
DOSZ010102.csv,OVEJ920103.csv,0.8534
DOSZ010102.csv,AZAE970101.csv,0.8538
DOSZ010102.csv,MOHR870101.csv,0.8536
DOSZ010102.csv,PRLA000102.csv,0.8542
DOSZ010102.csv,AZAE970102.csv,0.8536
DOSZ010102.csv,JOND920103.csv,0.8537
DOSZ010102.csv,KOSJ950105.csv,0.8528
DOSZ010102.csv,KOSJ950101.csv,0.8525
DOSZ010102.csv,GRAR740104.csv,0.8525
DOSZ010102.csv,FEND850101.csv,0.8530
DOSZ010102.csv,MUET020101.csv,0.8531
DOSZ010102.csv,LUTR910107.csv,0.8532
DOSZ010102.csv,HENS920103.csv,0.8535
DOSZ010102.csv,KOSJ950104.csv,0.8535
DOSZ010102.csv,LUTR910106.csv,0.8533
DOSZ010102.csv,RUSR970103.csv,0.8560
DOSZ010102.csv,CROG050101.csv,0.8541
DOSZ010102.csv,BENS940102.csv,0.8526
DOSZ010102.csv,DOSZ010103.csv,0.8556
DOSZ010102.csv,BENS940103.csv,0.8534
DOSZ010102.csv,WEIL970101.csv,0.8538
DOSZ010102.csv,KOSJ950108.csv,0.8528
DOSZ010102.csv,BENS940101.csv,0.8531
DOSZ010102.csv,LUTR910104.csv,0.8541
DOSZ010102.csv,OVEJ920105.csv,0.8528
DOSZ010102.csv,LINK010101.csv,0.8534
DOSZ010102.csv,MCLA710101.csv,0.8524
DOSZ010102.csv,LUTR910105.csv,0.8531
DOSZ010102.csv,MIYT790101.csv,0.8527
DOSZ010102.csv,HENS920102.csv,0.8535
DOSZ010102.csv,GEOD900101.csv,0.8558
DOSZ010102.csv,WEIL970102.csv,0.8541
DOSZ010102.csv,RUSR970102.csv,0.8548
DOSZ010102.csv,DOSZ010104.csv,0.8533
DOSZ010102.csv,MCLA720101.csv,0.8525
DOSZ010102.csv,LUTR910101.csv,0.8532
DOSZ010102.csv,BENS940104.csv,0.8522
DOSZ010102.csv,NIEK910102.csv,0.8533
DOSZ010102.csv,BLAJ010101.csv,0.8529
DOSZ010102.csv,RIER950101.csv,0.8551
DOSZ010102.csv,LUTR910103.csv,0.8531
DOSZ010102.csv,KOSJ950113.csv,0.8536
DOSZ010102.csv,LUTR910108.csv,0.8535
DOSZ010102.csv,DOSZ010101.csv,0.8569
DOSZ010102.csv,LUTR910109.csv,0.8538
DOSZ010102.csv,KOSJ950112.csv,0.8531
DOSZ010102.csv,JOND940101.csv,0.8541
DOSZ010102.csv,OVEJ920104.csv,0.8537
DOSZ010102.csv,PRLA000101.csv,0.8539
DOSZ010102.csv,KANM000101.csv,0.8533
DOSZ010102.csv,OGAK980101.csv,0.8532
DOSZ010102.csv,MUET010101.csv,0.8544
DOSZ010102.csv,GIAG010101.csv,0.8554
DOSZ010102.csv,KAPO950101.csv,0.8536
DOSZ010102.csv,KOSJ950102.csv,0.8529
DOSZ010102.csv,QUIB020101.csv,0.8530
DOSZ010102.csv,LEVJ860101.csv,0.8533
DOSZ010102.csv,MEHP950102.csv,0.8539
DOSZ010102.csv,VOGG950101.csv,0.8538
DOSZ010102.csv,KOSJ950103.csv,0.8535
DOSZ010102.csv,FITW660101.csv,0.8527
DOSZ010102.csv,KOSJ950115.csv,0.8533
DOSZ010102.csv,OVEJ920102.csv,0.8531
DOSZ010102.csv,QU_C930102.csv,0.8526
DOSZ010102.csv,RISJ880101.csv,0.8539
DOSZ010102.csv,QU_C930103.csv,0.8540
DOSZ010102.csv,DAYM780302.csv,0.8529
DOSZ010103.csv,JOHM930101.csv,0.8538
DOSZ010103.csv,KOSJ950106.csv,0.8541
DOSZ010103.csv,LUTR910102.csv,0.8547
DOSZ010103.csv,MUET020102.csv,0.8551
DOSZ010103.csv,KOLA920101.csv,0.8546
DOSZ010103.csv,TUDE900101.csv,0.8537
DOSZ010103.csv,KOSJ950111.csv,0.8541
DOSZ010103.csv,OVEJ920101.csv,0.8532
DOSZ010103.csv,KOSJ950110.csv,0.8536
DOSZ010103.csv,NIEK910101.csv,0.8543
DOSZ010103.csv,CSEM940101.csv,0.8545
DOSZ010103.csv,NGPC000101.csv,0.8542
DOSZ010103.csv,GONG920101.csv,0.8575
DOSZ010103.csv,KOSJ950114.csv,0.8538
DOSZ010103.csv,HENS920104.csv,0.8536
DOSZ010103.csv,RUSR970101.csv,0.8552
DOSZ010103.csv,QU_C930101.csv,0.8545
DOSZ010103.csv,KOSJ950109.csv,0.8537
DOSZ010103.csv,MIYS930101.csv,0.8549
DOSZ010103.csv,HENS920101.csv,0.8539
DOSZ010103.csv,KOSJ950107.csv,0.8540
DOSZ010103.csv,DAYM780301.csv,0.8572
DOSZ010103.csv,NAOD960101.csv,0.8568
DOSZ010103.csv,ALTS910101.csv,0.8563
DOSZ010103.csv,OVEJ920103.csv,0.8535
DOSZ010103.csv,AZAE970101.csv,0.8574
DOSZ010103.csv,MOHR870101.csv,0.8550
DOSZ010103.csv,PRLA000102.csv,0.8542
DOSZ010103.csv,AZAE970102.csv,0.8574
DOSZ010103.csv,JOND920103.csv,0.8573
DOSZ010103.csv,KOSJ950105.csv,0.8535
DOSZ010103.csv,DOSZ010102.csv,0.8566
DOSZ010103.csv,KOSJ950101.csv,0.8528
DOSZ010103.csv,GRAR740104.csv,0.8541
DOSZ010103.csv,FEND850101.csv,0.8555
DOSZ010103.csv,MUET020101.csv,0.8546
DOSZ010103.csv,LUTR910107.csv,0.8546
DOSZ010103.csv,HENS920103.csv,0.8538
DOSZ010103.csv,KOSJ950104.csv,0.8545
DOSZ010103.csv,LUTR910106.csv,0.8543
DOSZ010103.csv,RUSR970103.csv,0.8547
DOSZ010103.csv,CROG050101.csv,0.8540
DOSZ010103.csv,BENS940102.csv,0.8575
DOSZ010103.csv,BENS940103.csv,0.8555
DOSZ010103.csv,WEIL970101.csv,0.8539
DOSZ010103.csv,KOSJ950108.csv,0.8537
DOSZ010103.csv,BENS940101.csv,0.8582
DOSZ010103.csv,LUTR910104.csv,0.8548
DOSZ010103.csv,OVEJ920105.csv,0.8540
DOSZ010103.csv,LINK010101.csv,0.8538
DOSZ010103.csv,MCLA710101.csv,0.8538
DOSZ010103.csv,LUTR910105.csv,0.8548
DOSZ010103.csv,MIYT790101.csv,0.8557
DOSZ010103.csv,HENS920102.csv,0.8541
DOSZ010103.csv,GEOD900101.csv,0.8567
DOSZ010103.csv,WEIL970102.csv,0.8548
DOSZ010103.csv,RUSR970102.csv,0.8543
DOSZ010103.csv,DOSZ010104.csv,0.8561
DOSZ010103.csv,MCLA720101.csv,0.8543
DOSZ010103.csv,LUTR910101.csv,0.8539
DOSZ010103.csv,BENS940104.csv,0.8537
DOSZ010103.csv,NIEK910102.csv,0.8539
DOSZ010103.csv,BLAJ010101.csv,0.8529
DOSZ010103.csv,RIER950101.csv,0.8562
DOSZ010103.csv,LUTR910103.csv,0.8564
DOSZ010103.csv,KOSJ950113.csv,0.8540
DOSZ010103.csv,LUTR910108.csv,0.8568
DOSZ010103.csv,DOSZ010101.csv,0.8559
DOSZ010103.csv,LUTR910109.csv,0.8549
DOSZ010103.csv,KOSJ950112.csv,0.8544
DOSZ010103.csv,JOND940101.csv,0.8541
DOSZ010103.csv,OVEJ920104.csv,0.8535
DOSZ010103.csv,PRLA000101.csv,0.8545
DOSZ010103.csv,KANM000101.csv,0.8537
DOSZ010103.csv,OGAK980101.csv,0.8544
DOSZ010103.csv,MUET010101.csv,0.8548
DOSZ010103.csv,GIAG010101.csv,0.8558
DOSZ010103.csv,KAPO950101.csv,0.8538
DOSZ010103.csv,KOSJ950102.csv,0.8529
DOSZ010103.csv,QUIB020101.csv,0.8555
DOSZ010103.csv,LEVJ860101.csv,0.8532
DOSZ010103.csv,MEHP950102.csv,0.8546
DOSZ010103.csv,VOGG950101.csv,0.8575
DOSZ010103.csv,KOSJ950103.csv,0.8547
DOSZ010103.csv,FITW660101.csv,0.8541
DOSZ010103.csv,KOSJ950115.csv,0.8538
DOSZ010103.csv,OVEJ920102.csv,0.8538
DOSZ010103.csv,QU_C930102.csv,0.8539
DOSZ010103.csv,RISJ880101.csv,0.8538
DOSZ010103.csv,QU_C930103.csv,0.8538
DOSZ010103.csv,DAYM780302.csv,0.8543
KOSJ950110.csv,JOHM930101.csv,0.8557
KOSJ950110.csv,KOSJ950106.csv,0.8535
KOSJ950110.csv,LUTR910102.csv,0.8563
KOSJ950110.csv,MUET020102.csv,0.8566
KOSJ950110.csv,KOLA920101.csv,0.8556
KOSJ950110.csv,TUDE900101.csv,0.8554
KOSJ950110.csv,KOSJ950111.csv,0.8558
KOSJ950110.csv,OVEJ920101.csv,0.8554
KOSJ950110.csv,NIEK910101.csv,0.8552
KOSJ950110.csv,CSEM940101.csv,0.8551
KOSJ950110.csv,NGPC000101.csv,0.8561
KOSJ950110.csv,GONG920101.csv,0.8560
KOSJ950110.csv,KOSJ950114.csv,0.8532
KOSJ950110.csv,HENS920104.csv,0.8555
KOSJ950110.csv,RUSR970101.csv,0.8547
KOSJ950110.csv,QU_C930101.csv,0.8545
KOSJ950110.csv,KOSJ950109.csv,0.8536
KOSJ950110.csv,MIYS930101.csv,0.8556
KOSJ950110.csv,HENS920101.csv,0.8553
KOSJ950110.csv,KOSJ950107.csv,0.8525
KOSJ950110.csv,DAYM780301.csv,0.8559
KOSJ950110.csv,NAOD960101.csv,0.8563
KOSJ950110.csv,ALTS910101.csv,0.8559
KOSJ950110.csv,OVEJ920103.csv,0.8561
KOSJ950110.csv,AZAE970101.csv,0.8562
KOSJ950110.csv,MOHR870101.csv,0.8547
KOSJ950110.csv,PRLA000102.csv,0.8558
KOSJ950110.csv,AZAE970102.csv,0.8564
KOSJ950110.csv,JOND920103.csv,0.8566
KOSJ950110.csv,KOSJ950105.csv,0.8542
KOSJ950110.csv,DOSZ010102.csv,0.8533
KOSJ950110.csv,KOSJ950101.csv,0.8539
KOSJ950110.csv,GRAR740104.csv,0.8554
KOSJ950110.csv,FEND850101.csv,0.8557
KOSJ950110.csv,MUET020101.csv,0.8559
KOSJ950110.csv,LUTR910107.csv,0.8558
KOSJ950110.csv,HENS920103.csv,0.8555
KOSJ950110.csv,KOSJ950104.csv,0.8534
KOSJ950110.csv,LUTR910106.csv,0.8552
KOSJ950110.csv,RUSR970103.csv,0.8548
KOSJ950110.csv,CROG050101.csv,0.8553
KOSJ950110.csv,BENS940102.csv,0.8563
KOSJ950110.csv,DOSZ010103.csv,0.8534
KOSJ950110.csv,BENS940103.csv,0.8562
KOSJ950110.csv,WEIL970101.csv,0.8549
KOSJ950110.csv,KOSJ950108.csv,0.8533
KOSJ950110.csv,BENS940101.csv,0.8561
KOSJ950110.csv,LUTR910104.csv,0.8557
KOSJ950110.csv,OVEJ920105.csv,0.8528
KOSJ950110.csv,LINK010101.csv,0.8573
KOSJ950110.csv,MCLA710101.csv,0.8553
KOSJ950110.csv,LUTR910105.csv,0.8554
KOSJ950110.csv,MIYT790101.csv,0.8558
KOSJ950110.csv,HENS920102.csv,0.8557
KOSJ950110.csv,GEOD900101.csv,0.8568
KOSJ950110.csv,WEIL970102.csv,0.8556
KOSJ950110.csv,RUSR970102.csv,0.8544
KOSJ950110.csv,DOSZ010104.csv,0.8562
KOSJ950110.csv,MCLA720101.csv,0.8547
KOSJ950110.csv,LUTR910101.csv,0.8566
KOSJ950110.csv,BENS940104.csv,0.8555
KOSJ950110.csv,NIEK910102.csv,0.8552
KOSJ950110.csv,BLAJ010101.csv,0.8562
KOSJ950110.csv,RIER950101.csv,0.8574
KOSJ950110.csv,LUTR910103.csv,0.8549
KOSJ950110.csv,KOSJ950113.csv,0.8539
KOSJ950110.csv,LUTR910108.csv,0.8556
KOSJ950110.csv,DOSZ010101.csv,0.8535
KOSJ950110.csv,LUTR910109.csv,0.8558
KOSJ950110.csv,KOSJ950112.csv,0.8532
KOSJ950110.csv,JOND940101.csv,0.8562
KOSJ950110.csv,OVEJ920104.csv,0.8570
KOSJ950110.csv,PRLA000101.csv,0.8559
KOSJ950110.csv,KANM000101.csv,0.8552
KOSJ950110.csv,OGAK980101.csv,0.8557
KOSJ950110.csv,MUET010101.csv,0.8552
KOSJ950110.csv,GIAG010101.csv,0.8556
KOSJ950110.csv,KAPO950101.csv,0.8558
KOSJ950110.csv,KOSJ950102.csv,0.8567
KOSJ950110.csv,QUIB020101.csv,0.8559
KOSJ950110.csv,LEVJ860101.csv,0.8559
KOSJ950110.csv,MEHP950102.csv,0.8565
KOSJ950110.csv,VOGG950101.csv,0.8561
KOSJ950110.csv,KOSJ950103.csv,0.8550
KOSJ950110.csv,FITW660101.csv,0.8551
KOSJ950110.csv,KOSJ950115.csv,0.8534
KOSJ950110.csv,OVEJ920102.csv,0.8536
KOSJ950110.csv,QU_C930102.csv,0.8550
KOSJ950110.csv,RISJ880101.csv,0.8569
KOSJ950110.csv,QU_C930103.csv,0.8542
KOSJ950110.csv,DAYM780302.csv,0.8555
KOSJ950104.csv,JOHM930101.csv,0.8542
KOSJ950104.csv,KOSJ950106.csv,0.8531
KOSJ950104.csv,LUTR910102.csv,0.8562
KOSJ950104.csv,MUET020102.csv,0.8556
KOSJ950104.csv,KOLA920101.csv,0.8556
KOSJ950104.csv,TUDE900101.csv,0.8542
KOSJ950104.csv,KOSJ950111.csv,0.8551
KOSJ950104.csv,OVEJ920101.csv,0.8541
KOSJ950104.csv,KOSJ950110.csv,0.8533
KOSJ950104.csv,NIEK910101.csv,0.8537
KOSJ950104.csv,CSEM940101.csv,0.8549
KOSJ950104.csv,NGPC000101.csv,0.8541
KOSJ950104.csv,GONG920101.csv,0.8547
KOSJ950104.csv,KOSJ950114.csv,0.8532
KOSJ950104.csv,HENS920104.csv,0.8543
KOSJ950104.csv,RUSR970101.csv,0.8539
KOSJ950104.csv,QU_C930101.csv,0.8535
KOSJ950104.csv,KOSJ950109.csv,0.8550
KOSJ950104.csv,MIYS930101.csv,0.8552
KOSJ950104.csv,HENS920101.csv,0.8541
KOSJ950104.csv,KOSJ950107.csv,0.8538
KOSJ950104.csv,DAYM780301.csv,0.8548
KOSJ950104.csv,NAOD960101.csv,0.8555
KOSJ950104.csv,ALTS910101.csv,0.8547
KOSJ950104.csv,OVEJ920103.csv,0.8567
KOSJ950104.csv,AZAE970101.csv,0.8552
KOSJ950104.csv,MOHR870101.csv,0.8540
KOSJ950104.csv,PRLA000102.csv,0.8547
KOSJ950104.csv,AZAE970102.csv,0.8554
KOSJ950104.csv,JOND920103.csv,0.8555
KOSJ950104.csv,KOSJ950105.csv,0.8539
KOSJ950104.csv,DOSZ010102.csv,0.8536
KOSJ950104.csv,KOSJ950101.csv,0.8537
KOSJ950104.csv,GRAR740104.csv,0.8550
KOSJ950104.csv,FEND850101.csv,0.8549
KOSJ950104.csv,MUET020101.csv,0.8542
KOSJ950104.csv,LUTR910107.csv,0.8551
KOSJ950104.csv,HENS920103.csv,0.8543
KOSJ950104.csv,LUTR910106.csv,0.8548
KOSJ950104.csv,RUSR970103.csv,0.8548
KOSJ950104.csv,CROG050101.csv,0.8537
KOSJ950104.csv,BENS940102.csv,0.8552
KOSJ950104.csv,DOSZ010103.csv,0.8533
KOSJ950104.csv,BENS940103.csv,0.8554
KOSJ950104.csv,WEIL970101.csv,0.8544
KOSJ950104.csv,KOSJ950108.csv,0.8536
KOSJ950104.csv,BENS940101.csv,0.8550
KOSJ950104.csv,LUTR910104.csv,0.8550
KOSJ950104.csv,OVEJ920105.csv,0.8535
KOSJ950104.csv,LINK010101.csv,0.8535
KOSJ950104.csv,MCLA710101.csv,0.8541
KOSJ950104.csv,LUTR910105.csv,0.8547
KOSJ950104.csv,MIYT790101.csv,0.8552
KOSJ950104.csv,HENS920102.csv,0.8545
KOSJ950104.csv,GEOD900101.csv,0.8559
KOSJ950104.csv,WEIL970102.csv,0.8550
KOSJ950104.csv,RUSR970102.csv,0.8541
KOSJ950104.csv,DOSZ010104.csv,0.8541
KOSJ950104.csv,MCLA720101.csv,0.8546
KOSJ950104.csv,LUTR910101.csv,0.8550
KOSJ950104.csv,BENS940104.csv,0.8544
KOSJ950104.csv,NIEK910102.csv,0.8536
KOSJ950104.csv,BLAJ010101.csv,0.8554
KOSJ950104.csv,RIER950101.csv,0.8568
KOSJ950104.csv,LUTR910103.csv,0.8545
KOSJ950104.csv,KOSJ950113.csv,0.8556
KOSJ950104.csv,LUTR910108.csv,0.8551
KOSJ950104.csv,DOSZ010101.csv,0.8537
KOSJ950104.csv,LUTR910109.csv,0.8554
KOSJ950104.csv,KOSJ950112.csv,0.8537
KOSJ950104.csv,JOND940101.csv,0.8554
KOSJ950104.csv,OVEJ920104.csv,0.8541
KOSJ950104.csv,PRLA000101.csv,0.8554
KOSJ950104.csv,KANM000101.csv,0.8550
KOSJ950104.csv,OGAK980101.csv,0.8541
KOSJ950104.csv,MUET010101.csv,0.8551
KOSJ950104.csv,GIAG010101.csv,0.8558
KOSJ950104.csv,KAPO950101.csv,0.8544
KOSJ950104.csv,KOSJ950102.csv,0.8543
KOSJ950104.csv,QUIB020101.csv,0.8551
KOSJ950104.csv,LEVJ860101.csv,0.8547
KOSJ950104.csv,MEHP950102.csv,0.8550
KOSJ950104.csv,VOGG950101.csv,0.8547
KOSJ950104.csv,KOSJ950103.csv,0.8562
KOSJ950104.csv,FITW660101.csv,0.8554
KOSJ950104.csv,KOSJ950115.csv,0.8539
KOSJ950104.csv,OVEJ920102.csv,0.8532
KOSJ950104.csv,QU_C930102.csv,0.8546
KOSJ950104.csv,RISJ880101.csv,0.8550
KOSJ950104.csv,QU_C930103.csv,0.8532
KOSJ950104.csv,DAYM780302.csv,0.8546
LINK010101.csv,JOHM930101.csv,0.8539
LINK010101.csv,KOSJ950106.csv,0.8579
LINK010101.csv,LUTR910102.csv,0.8565
LINK010101.csv,MUET020102.csv,0.8559
LINK010101.csv,KOLA920101.csv,0.8562
LINK010101.csv,TUDE900101.csv,0.8543
LINK010101.csv,KOSJ950111.csv,0.8573
LINK010101.csv,OVEJ920101.csv,0.8538
LINK010101.csv,KOSJ950110.csv,0.8580
LINK010101.csv,NIEK910101.csv,0.8548
LINK010101.csv,CSEM940101.csv,0.8555
LINK010101.csv,NGPC000101.csv,0.8558
LINK010101.csv,GONG920101.csv,0.8555
LINK010101.csv,KOSJ950114.csv,0.8553
LINK010101.csv,HENS920104.csv,0.8548
LINK010101.csv,RUSR970101.csv,0.8545
LINK010101.csv,QU_C930101.csv,0.8541
LINK010101.csv,KOSJ950109.csv,0.8551
LINK010101.csv,MIYS930101.csv,0.8564
LINK010101.csv,HENS920101.csv,0.8541
LINK010101.csv,KOSJ950107.csv,0.8543
LINK010101.csv,DAYM780301.csv,0.8551
LINK010101.csv,NAOD960101.csv,0.8560
LINK010101.csv,ALTS910101.csv,0.8549
LINK010101.csv,OVEJ920103.csv,0.8582
LINK010101.csv,AZAE970101.csv,0.8557
LINK010101.csv,MOHR870101.csv,0.8547
LINK010101.csv,PRLA000102.csv,0.8554
LINK010101.csv,AZAE970102.csv,0.8561
LINK010101.csv,JOND920103.csv,0.8559
LINK010101.csv,KOSJ950105.csv,0.8547
LINK010101.csv,DOSZ010102.csv,0.8534
LINK010101.csv,KOSJ950101.csv,0.8543
LINK010101.csv,GRAR740104.csv,0.8554
LINK010101.csv,FEND850101.csv,0.8554
LINK010101.csv,MUET020101.csv,0.8555
LINK010101.csv,LUTR910107.csv,0.8554
LINK010101.csv,HENS920103.csv,0.8537
LINK010101.csv,KOSJ950104.csv,0.8541
LINK010101.csv,LUTR910106.csv,0.8544
LINK010101.csv,RUSR970103.csv,0.8549
LINK010101.csv,CROG050101.csv,0.8542
LINK010101.csv,BENS940102.csv,0.8555
LINK010101.csv,DOSZ010103.csv,0.8534
LINK010101.csv,BENS940103.csv,0.8556
LINK010101.csv,WEIL970101.csv,0.8546
LINK010101.csv,KOSJ950108.csv,0.8550
LINK010101.csv,BENS940101.csv,0.8560
LINK010101.csv,LUTR910104.csv,0.8542
LINK010101.csv,OVEJ920105.csv,0.8529
LINK010101.csv,MCLA710101.csv,0.8546
LINK010101.csv,LUTR910105.csv,0.8548
LINK010101.csv,MIYT790101.csv,0.8545
LINK010101.csv,HENS920102.csv,0.8543
LINK010101.csv,GEOD900101.csv,0.8561
LINK010101.csv,WEIL970102.csv,0.8555
LINK010101.csv,RUSR970102.csv,0.8537
LINK010101.csv,DOSZ010104.csv,0.8565
LINK010101.csv,MCLA720101.csv,0.8547
LINK010101.csv,LUTR910101.csv,0.8554
LINK010101.csv,BENS940104.csv,0.8550
LINK010101.csv,NIEK910102.csv,0.8540
LINK010101.csv,BLAJ010101.csv,0.8544
LINK010101.csv,RIER950101.csv,0.8572
LINK010101.csv,LUTR910103.csv,0.8540
LINK010101.csv,KOSJ950113.csv,0.8571
LINK010101.csv,LUTR910108.csv,0.8547
LINK010101.csv,DOSZ010101.csv,0.8546
LINK010101.csv,LUTR910109.csv,0.8553
LINK010101.csv,KOSJ950112.csv,0.8547
LINK010101.csv,JOND940101.csv,0.8557
LINK010101.csv,OVEJ920104.csv,0.8554
LINK010101.csv,PRLA000101.csv,0.8559
LINK010101.csv,KANM000101.csv,0.8546
LINK010101.csv,OGAK980101.csv,0.8542
LINK010101.csv,MUET010101.csv,0.8555
LINK010101.csv,GIAG010101.csv,0.8559
LINK010101.csv,KAPO950101.csv,0.8549
LINK010101.csv,KOSJ950102.csv,0.8560
LINK010101.csv,QUIB020101.csv,0.8554
LINK010101.csv,LEVJ860101.csv,0.8546
LINK010101.csv,MEHP950102.csv,0.8563
LINK010101.csv,VOGG950101.csv,0.8555
LINK010101.csv,KOSJ950103.csv,0.8572
LINK010101.csv,FITW660101.csv,0.8556
LINK010101.csv,KOSJ950115.csv,0.8548
LINK010101.csv,OVEJ920102.csv,0.8538
LINK010101.csv,QU_C930102.csv,0.8552
LINK010101.csv,RISJ880101.csv,0.8554
LINK010101.csv,QU_C930103.csv,0.8540
LINK010101.csv,DAYM780302.csv,0.8556
KOSJ950115.csv,JOHM930101.csv,0.8565
KOSJ950115.csv,KOSJ950106.csv,0.8543
KOSJ950115.csv,LUTR910102.csv,0.8567
KOSJ950115.csv,MUET020102.csv,0.8570
KOSJ950115.csv,KOLA920101.csv,0.8555
KOSJ950115.csv,TUDE900101.csv,0.8557
KOSJ950115.csv,KOSJ950111.csv,0.8558
KOSJ950115.csv,OVEJ920101.csv,0.8560
KOSJ950115.csv,KOSJ950110.csv,0.8531
KOSJ950115.csv,NIEK910101.csv,0.8552
KOSJ950115.csv,CSEM940101.csv,0.8555
KOSJ950115.csv,NGPC000101.csv,0.8556
KOSJ950115.csv,GONG920101.csv,0.8565
KOSJ950115.csv,KOSJ950114.csv,0.8559
KOSJ950115.csv,HENS920104.csv,0.8567
KOSJ950115.csv,RUSR970101.csv,0.8554
KOSJ950115.csv,QU_C930101.csv,0.8546
KOSJ950115.csv,KOSJ950109.csv,0.8565
KOSJ950115.csv,MIYS930101.csv,0.8564
KOSJ950115.csv,HENS920101.csv,0.8557
KOSJ950115.csv,KOSJ950107.csv,0.8536
KOSJ950115.csv,DAYM780301.csv,0.8563
KOSJ950115.csv,NAOD960101.csv,0.8565
KOSJ950115.csv,ALTS910101.csv,0.8558
KOSJ950115.csv,OVEJ920103.csv,0.8574
KOSJ950115.csv,AZAE970101.csv,0.8565
KOSJ950115.csv,MOHR870101.csv,0.8551
KOSJ950115.csv,PRLA000102.csv,0.8559
KOSJ950115.csv,AZAE970102.csv,0.8566
KOSJ950115.csv,JOND920103.csv,0.8571
KOSJ950115.csv,KOSJ950105.csv,0.8537
KOSJ950115.csv,DOSZ010102.csv,0.8540
KOSJ950115.csv,KOSJ950101.csv,0.8549
KOSJ950115.csv,GRAR740104.csv,0.8563
KOSJ950115.csv,FEND850101.csv,0.8558
KOSJ950115.csv,MUET020101.csv,0.8564
KOSJ950115.csv,LUTR910107.csv,0.8557
KOSJ950115.csv,HENS920103.csv,0.8561
KOSJ950115.csv,KOSJ950104.csv,0.8542
KOSJ950115.csv,LUTR910106.csv,0.8565
KOSJ950115.csv,RUSR970103.csv,0.8554
KOSJ950115.csv,CROG050101.csv,0.8562
KOSJ950115.csv,BENS940102.csv,0.8568
KOSJ950115.csv,DOSZ010103.csv,0.8542
KOSJ950115.csv,BENS940103.csv,0.8567
KOSJ950115.csv,WEIL970101.csv,0.8556
KOSJ950115.csv,KOSJ950108.csv,0.8544
KOSJ950115.csv,BENS940101.csv,0.8562
KOSJ950115.csv,LUTR910104.csv,0.8562
KOSJ950115.csv,OVEJ920105.csv,0.8531
KOSJ950115.csv,LINK010101.csv,0.8543
KOSJ950115.csv,MCLA710101.csv,0.8559
KOSJ950115.csv,LUTR910105.csv,0.8555
KOSJ950115.csv,MIYT790101.csv,0.8569
KOSJ950115.csv,HENS920102.csv,0.8571
KOSJ950115.csv,GEOD900101.csv,0.8562
KOSJ950115.csv,WEIL970102.csv,0.8567
KOSJ950115.csv,RUSR970102.csv,0.8546
KOSJ950115.csv,DOSZ010104.csv,0.8547
KOSJ950115.csv,MCLA720101.csv,0.8545
KOSJ950115.csv,LUTR910101.csv,0.8560
KOSJ950115.csv,BENS940104.csv,0.8558
KOSJ950115.csv,NIEK910102.csv,0.8553
KOSJ950115.csv,BLAJ010101.csv,0.8567
KOSJ950115.csv,RIER950101.csv,0.8573
KOSJ950115.csv,LUTR910103.csv,0.8549
KOSJ950115.csv,KOSJ950113.csv,0.8561
KOSJ950115.csv,LUTR910108.csv,0.8557
KOSJ950115.csv,DOSZ010101.csv,0.8540
KOSJ950115.csv,LUTR910109.csv,0.8561
KOSJ950115.csv,KOSJ950112.csv,0.8528
KOSJ950115.csv,JOND940101.csv,0.8567
KOSJ950115.csv,OVEJ920104.csv,0.8559
KOSJ950115.csv,PRLA000101.csv,0.8564
KOSJ950115.csv,KANM000101.csv,0.8566
KOSJ950115.csv,OGAK980101.csv,0.8567
KOSJ950115.csv,MUET010101.csv,0.8558
KOSJ950115.csv,GIAG010101.csv,0.8557
KOSJ950115.csv,KAPO950101.csv,0.8564
KOSJ950115.csv,KOSJ950102.csv,0.8553
KOSJ950115.csv,QUIB020101.csv,0.8564
KOSJ950115.csv,LEVJ860101.csv,0.8567
KOSJ950115.csv,MEHP950102.csv,0.8563
KOSJ950115.csv,VOGG950101.csv,0.8565
KOSJ950115.csv,KOSJ950103.csv,0.8560
KOSJ950115.csv,FITW660101.csv,0.8562
KOSJ950115.csv,OVEJ920102.csv,0.8538
KOSJ950115.csv,QU_C930102.csv,0.8553
KOSJ950115.csv,RISJ880101.csv,0.8568
KOSJ950115.csv,QU_C930103.csv,0.8543
KOSJ950115.csv,DAYM780302.csv,0.8559
KOSJ950112.csv,JOHM930101.csv,0.8551
KOSJ950112.csv,KOSJ950106.csv,0.8535
KOSJ950112.csv,LUTR910102.csv,0.8560
KOSJ950112.csv,MUET020102.csv,0.8557
KOSJ950112.csv,KOLA920101.csv,0.8557
KOSJ950112.csv,TUDE900101.csv,0.8544
KOSJ950112.csv,KOSJ950111.csv,0.8528
KOSJ950112.csv,OVEJ920101.csv,0.8548
KOSJ950112.csv,KOSJ950110.csv,0.8532
KOSJ950112.csv,NIEK910101.csv,0.8538
KOSJ950112.csv,CSEM940101.csv,0.8545
KOSJ950112.csv,NGPC000101.csv,0.8549
KOSJ950112.csv,GONG920101.csv,0.8557
KOSJ950112.csv,KOSJ950114.csv,0.8532
KOSJ950112.csv,HENS920104.csv,0.8544
KOSJ950112.csv,RUSR970101.csv,0.8544
KOSJ950112.csv,QU_C930101.csv,0.8536
KOSJ950112.csv,KOSJ950109.csv,0.8537
KOSJ950112.csv,MIYS930101.csv,0.8557
KOSJ950112.csv,HENS920101.csv,0.8550
KOSJ950112.csv,KOSJ950107.csv,0.8536
KOSJ950112.csv,DAYM780301.csv,0.8553
KOSJ950112.csv,NAOD960101.csv,0.8553
KOSJ950112.csv,ALTS910101.csv,0.8550
KOSJ950112.csv,OVEJ920103.csv,0.8567
KOSJ950112.csv,AZAE970101.csv,0.8557
KOSJ950112.csv,MOHR870101.csv,0.8549
KOSJ950112.csv,PRLA000102.csv,0.8547
KOSJ950112.csv,AZAE970102.csv,0.8556
KOSJ950112.csv,JOND920103.csv,0.8557
KOSJ950112.csv,KOSJ950105.csv,0.8543
KOSJ950112.csv,DOSZ010102.csv,0.8530
KOSJ950112.csv,KOSJ950101.csv,0.8542
KOSJ950112.csv,GRAR740104.csv,0.8550
KOSJ950112.csv,FEND850101.csv,0.8551
KOSJ950112.csv,MUET020101.csv,0.8550
KOSJ950112.csv,LUTR910107.csv,0.8548
KOSJ950112.csv,HENS920103.csv,0.8552
KOSJ950112.csv,KOSJ950104.csv,0.8536
KOSJ950112.csv,LUTR910106.csv,0.8551
KOSJ950112.csv,RUSR970103.csv,0.8542
KOSJ950112.csv,CROG050101.csv,0.8547
KOSJ950112.csv,BENS940102.csv,0.8553
KOSJ950112.csv,DOSZ010103.csv,0.8536
KOSJ950112.csv,BENS940103.csv,0.8559
KOSJ950112.csv,WEIL970101.csv,0.8546
KOSJ950112.csv,KOSJ950108.csv,0.8539
KOSJ950112.csv,BENS940101.csv,0.8556
KOSJ950112.csv,LUTR910104.csv,0.8553
KOSJ950112.csv,OVEJ920105.csv,0.8547
KOSJ950112.csv,LINK010101.csv,0.8537
KOSJ950112.csv,MCLA710101.csv,0.8551
KOSJ950112.csv,LUTR910105.csv,0.8548
KOSJ950112.csv,MIYT790101.csv,0.8552
KOSJ950112.csv,HENS920102.csv,0.8553
KOSJ950112.csv,GEOD900101.csv,0.8562
KOSJ950112.csv,WEIL970102.csv,0.8554
KOSJ950112.csv,RUSR970102.csv,0.8542
KOSJ950112.csv,DOSZ010104.csv,0.8543
KOSJ950112.csv,MCLA720101.csv,0.8544
KOSJ950112.csv,LUTR910101.csv,0.8552
KOSJ950112.csv,BENS940104.csv,0.8548
KOSJ950112.csv,NIEK910102.csv,0.8542
KOSJ950112.csv,BLAJ010101.csv,0.8551
KOSJ950112.csv,RIER950101.csv,0.8563
KOSJ950112.csv,LUTR910103.csv,0.8549
KOSJ950112.csv,KOSJ950113.csv,0.8541
KOSJ950112.csv,LUTR910108.csv,0.8555
KOSJ950112.csv,DOSZ010101.csv,0.8532
KOSJ950112.csv,LUTR910109.csv,0.8555
KOSJ950112.csv,JOND940101.csv,0.8551
KOSJ950112.csv,OVEJ920104.csv,0.8534
KOSJ950112.csv,PRLA000101.csv,0.8555
KOSJ950112.csv,KANM000101.csv,0.8548
KOSJ950112.csv,OGAK980101.csv,0.8552
KOSJ950112.csv,MUET010101.csv,0.8551
KOSJ950112.csv,GIAG010101.csv,0.8557
KOSJ950112.csv,KAPO950101.csv,0.8553
KOSJ950112.csv,KOSJ950102.csv,0.8544
KOSJ950112.csv,QUIB020101.csv,0.8555
KOSJ950112.csv,LEVJ860101.csv,0.8553
KOSJ950112.csv,MEHP950102.csv,0.8553
KOSJ950112.csv,VOGG950101.csv,0.8557
KOSJ950112.csv,KOSJ950103.csv,0.8538
KOSJ950112.csv,FITW660101.csv,0.8557
KOSJ950112.csv,KOSJ950115.csv,0.8525
KOSJ950112.csv,OVEJ920102.csv,0.8538
KOSJ950112.csv,QU_C930102.csv,0.8547
KOSJ950112.csv,RISJ880101.csv,0.8556
KOSJ950112.csv,QU_C930103.csv,0.8536
KOSJ950112.csv,DAYM780302.csv,0.8547
DOSZ010104.csv,JOHM930101.csv,0.8553
DOSZ010104.csv,KOSJ950106.csv,0.8563
DOSZ010104.csv,LUTR910102.csv,0.8559
DOSZ010104.csv,MUET020102.csv,0.8553
DOSZ010104.csv,KOLA920101.csv,0.8563
DOSZ010104.csv,TUDE900101.csv,0.8557
DOSZ010104.csv,KOSJ950111.csv,0.8558
DOSZ010104.csv,OVEJ920101.csv,0.8552
DOSZ010104.csv,KOSJ950110.csv,0.8565
DOSZ010104.csv,NIEK910101.csv,0.8562
DOSZ010104.csv,CSEM940101.csv,0.8558
DOSZ010104.csv,NGPC000101.csv,0.8568
DOSZ010104.csv,GONG920101.csv,0.8549
DOSZ010104.csv,KOSJ950114.csv,0.8565
DOSZ010104.csv,HENS920104.csv,0.8561
DOSZ010104.csv,RUSR970101.csv,0.8535
DOSZ010104.csv,QU_C930101.csv,0.8549
DOSZ010104.csv,KOSJ950109.csv,0.8562
DOSZ010104.csv,MIYS930101.csv,0.8558
DOSZ010104.csv,HENS920101.csv,0.8558
DOSZ010104.csv,KOSJ950107.csv,0.8558
DOSZ010104.csv,DAYM780301.csv,0.8549
DOSZ010104.csv,NAOD960101.csv,0.8536
DOSZ010104.csv,ALTS910101.csv,0.8551
DOSZ010104.csv,OVEJ920103.csv,0.8550
DOSZ010104.csv,AZAE970101.csv,0.8542
DOSZ010104.csv,MOHR870101.csv,0.8568
DOSZ010104.csv,PRLA000102.csv,0.8566
DOSZ010104.csv,AZAE970102.csv,0.8545
DOSZ010104.csv,JOND920103.csv,0.8536
DOSZ010104.csv,KOSJ950105.csv,0.8566
DOSZ010104.csv,DOSZ010102.csv,0.8534
DOSZ010104.csv,KOSJ950101.csv,0.8556
DOSZ010104.csv,GRAR740104.csv,0.8560
DOSZ010104.csv,FEND850101.csv,0.8564
DOSZ010104.csv,MUET020101.csv,0.8556
DOSZ010104.csv,LUTR910107.csv,0.8563
DOSZ010104.csv,HENS920103.csv,0.8565
DOSZ010104.csv,KOSJ950104.csv,0.8567
DOSZ010104.csv,LUTR910106.csv,0.8559
DOSZ010104.csv,RUSR970103.csv,0.8531
DOSZ010104.csv,CROG050101.csv,0.8554
DOSZ010104.csv,BENS940102.csv,0.8542
DOSZ010104.csv,DOSZ010103.csv,0.8551
DOSZ010104.csv,BENS940103.csv,0.8556
DOSZ010104.csv,WEIL970101.csv,0.8561
DOSZ010104.csv,KOSJ950108.csv,0.8563
DOSZ010104.csv,BENS940101.csv,0.8538
DOSZ010104.csv,LUTR910104.csv,0.8548
DOSZ010104.csv,OVEJ920105.csv,0.8555
DOSZ010104.csv,LINK010101.csv,0.8562
DOSZ010104.csv,MCLA710101.csv,0.8555
DOSZ010104.csv,LUTR910105.csv,0.8547
DOSZ010104.csv,MIYT790101.csv,0.8543
DOSZ010104.csv,HENS920102.csv,0.8555
DOSZ010104.csv,GEOD900101.csv,0.8554
DOSZ010104.csv,WEIL970102.csv,0.8548
DOSZ010104.csv,RUSR970102.csv,0.8569
DOSZ010104.csv,MCLA720101.csv,0.8566
DOSZ010104.csv,LUTR910101.csv,0.8563
DOSZ010104.csv,BENS940104.csv,0.8549
DOSZ010104.csv,NIEK910102.csv,0.8565
DOSZ010104.csv,BLAJ010101.csv,0.8545
DOSZ010104.csv,RIER950101.csv,0.8549
DOSZ010104.csv,LUTR910103.csv,0.8543
DOSZ010104.csv,KOSJ950113.csv,0.8561
DOSZ010104.csv,LUTR910108.csv,0.8540
DOSZ010104.csv,DOSZ010101.csv,0.8554
DOSZ010104.csv,LUTR910109.csv,0.8554
DOSZ010104.csv,KOSJ950112.csv,0.8559
DOSZ010104.csv,JOND940101.csv,0.8558
DOSZ010104.csv,OVEJ920104.csv,0.8548
DOSZ010104.csv,PRLA000101.csv,0.8554
DOSZ010104.csv,KANM000101.csv,0.8566
DOSZ010104.csv,OGAK980101.csv,0.8557
DOSZ010104.csv,MUET010101.csv,0.8561
DOSZ010104.csv,GIAG010101.csv,0.8552
DOSZ010104.csv,KAPO950101.csv,0.8551
DOSZ010104.csv,KOSJ950102.csv,0.8570
DOSZ010104.csv,QUIB020101.csv,0.8551
DOSZ010104.csv,LEVJ860101.csv,0.8551
DOSZ010104.csv,MEHP950102.csv,0.8558
DOSZ010104.csv,VOGG950101.csv,0.8549
DOSZ010104.csv,KOSJ950103.csv,0.8561
DOSZ010104.csv,FITW660101.csv,0.8556
DOSZ010104.csv,KOSJ950115.csv,0.8557
DOSZ010104.csv,OVEJ920102.csv,0.8553
DOSZ010104.csv,QU_C930102.csv,0.8564
DOSZ010104.csv,RISJ880101.csv,0.8560
DOSZ010104.csv,QU_C930103.csv,0.8559
DOSZ010104.csv,DAYM780302.csv,0.8553
KOSJ950113.csv,JOHM930101.csv,0.8550
KOSJ950113.csv,KOSJ950106.csv,0.8543
KOSJ950113.csv,LUTR910102.csv,0.8561
KOSJ950113.csv,MUET020102.csv,0.8552
KOSJ950113.csv,KOLA920101.csv,0.8556
KOSJ950113.csv,TUDE900101.csv,0.8548
KOSJ950113.csv,KOSJ950111.csv,0.8543
KOSJ950113.csv,OVEJ920101.csv,0.8556
KOSJ950113.csv,KOSJ950110.csv,0.8549
KOSJ950113.csv,NIEK910101.csv,0.8551
KOSJ950113.csv,CSEM940101.csv,0.8563
KOSJ950113.csv,NGPC000101.csv,0.8554
KOSJ950113.csv,GONG920101.csv,0.8550
KOSJ950113.csv,KOSJ950114.csv,0.8555
KOSJ950113.csv,HENS920104.csv,0.8546
KOSJ950113.csv,RUSR970101.csv,0.8547
KOSJ950113.csv,QU_C930101.csv,0.8541
KOSJ950113.csv,KOSJ950109.csv,0.8551
KOSJ950113.csv,MIYS930101.csv,0.8558
KOSJ950113.csv,HENS920101.csv,0.8541
KOSJ950113.csv,KOSJ950107.csv,0.8541
KOSJ950113.csv,DAYM780301.csv,0.8550
KOSJ950113.csv,NAOD960101.csv,0.8551
KOSJ950113.csv,ALTS910101.csv,0.8552
KOSJ950113.csv,OVEJ920103.csv,0.8586
KOSJ950113.csv,AZAE970101.csv,0.8555
KOSJ950113.csv,MOHR870101.csv,0.8554
KOSJ950113.csv,PRLA000102.csv,0.8548
KOSJ950113.csv,AZAE970102.csv,0.8555
KOSJ950113.csv,JOND920103.csv,0.8557
KOSJ950113.csv,KOSJ950105.csv,0.8545
KOSJ950113.csv,DOSZ010102.csv,0.8536
KOSJ950113.csv,KOSJ950101.csv,0.8545
KOSJ950113.csv,GRAR740104.csv,0.8559
KOSJ950113.csv,FEND850101.csv,0.8552
KOSJ950113.csv,MUET020101.csv,0.8549
KOSJ950113.csv,LUTR910107.csv,0.8549
KOSJ950113.csv,HENS920103.csv,0.8545
KOSJ950113.csv,KOSJ950104.csv,0.8559
KOSJ950113.csv,LUTR910106.csv,0.8558
KOSJ950113.csv,RUSR970103.csv,0.8542
KOSJ950113.csv,CROG050101.csv,0.8539
KOSJ950113.csv,BENS940102.csv,0.8554
KOSJ950113.csv,DOSZ010103.csv,0.8545
KOSJ950113.csv,BENS940103.csv,0.8548
KOSJ950113.csv,WEIL970101.csv,0.8557
KOSJ950113.csv,KOSJ950108.csv,0.8540
KOSJ950113.csv,BENS940101.csv,0.8554
KOSJ950113.csv,LUTR910104.csv,0.8556
KOSJ950113.csv,OVEJ920105.csv,0.8534
KOSJ950113.csv,LINK010101.csv,0.8567
KOSJ950113.csv,MCLA710101.csv,0.8548
KOSJ950113.csv,LUTR910105.csv,0.8556
KOSJ950113.csv,MIYT790101.csv,0.8553
KOSJ950113.csv,HENS920102.csv,0.8549
KOSJ950113.csv,GEOD900101.csv,0.8564
KOSJ950113.csv,WEIL970102.csv,0.8556
KOSJ950113.csv,RUSR970102.csv,0.8543
KOSJ950113.csv,DOSZ010104.csv,0.8549
KOSJ950113.csv,MCLA720101.csv,0.8544
KOSJ950113.csv,LUTR910101.csv,0.8549
KOSJ950113.csv,BENS940104.csv,0.8553
KOSJ950113.csv,NIEK910102.csv,0.8553
KOSJ950113.csv,BLAJ010101.csv,0.8551
KOSJ950113.csv,RIER950101.csv,0.8557
KOSJ950113.csv,LUTR910103.csv,0.8546
KOSJ950113.csv,LUTR910108.csv,0.8553
KOSJ950113.csv,DOSZ010101.csv,0.8537
KOSJ950113.csv,LUTR910109.csv,0.8550
KOSJ950113.csv,KOSJ950112.csv,0.8540
KOSJ950113.csv,JOND940101.csv,0.8562
KOSJ950113.csv,OVEJ920104.csv,0.8558
KOSJ950113.csv,PRLA000101.csv,0.8557
KOSJ950113.csv,KANM000101.csv,0.8551
KOSJ950113.csv,OGAK980101.csv,0.8551
KOSJ950113.csv,MUET010101.csv,0.8552
KOSJ950113.csv,GIAG010101.csv,0.8560
KOSJ950113.csv,KAPO950101.csv,0.8556
KOSJ950113.csv,KOSJ950102.csv,0.8549
KOSJ950113.csv,QUIB020101.csv,0.8554
KOSJ950113.csv,LEVJ860101.csv,0.8554
KOSJ950113.csv,MEHP950102.csv,0.8557
KOSJ950113.csv,VOGG950101.csv,0.8550
KOSJ950113.csv,KOSJ950103.csv,0.8548
KOSJ950113.csv,FITW660101.csv,0.8558
KOSJ950113.csv,KOSJ950115.csv,0.8561
KOSJ950113.csv,OVEJ920102.csv,0.8541
KOSJ950113.csv,QU_C930102.csv,0.8548
KOSJ950113.csv,RISJ880101.csv,0.8554
KOSJ950113.csv,QU_C930103.csv,0.8544
KOSJ950113.csv,DAYM780302.csv,0.8561
KOSJ950109.csv,JOHM930101.csv,0.8549
KOSJ950109.csv,KOSJ950106.csv,0.8541
KOSJ950109.csv,LUTR910102.csv,0.8563
KOSJ950109.csv,MUET020102.csv,0.8557
KOSJ950109.csv,KOLA920101.csv,0.8558
KOSJ950109.csv,TUDE900101.csv,0.8551
KOSJ950109.csv,KOSJ950111.csv,0.8563
KOSJ950109.csv,OVEJ920101.csv,0.8555
KOSJ950109.csv,KOSJ950110.csv,0.8542
KOSJ950109.csv,NIEK910101.csv,0.8545
KOSJ950109.csv,CSEM940101.csv,0.8552
KOSJ950109.csv,NGPC000101.csv,0.8551
KOSJ950109.csv,GONG920101.csv,0.8555
KOSJ950109.csv,KOSJ950114.csv,0.8539
KOSJ950109.csv,HENS920104.csv,0.8556
KOSJ950109.csv,RUSR970101.csv,0.8552
KOSJ950109.csv,QU_C930101.csv,0.8537
KOSJ950109.csv,MIYS930101.csv,0.8557
KOSJ950109.csv,HENS920101.csv,0.8552
KOSJ950109.csv,KOSJ950107.csv,0.8537
KOSJ950109.csv,DAYM780301.csv,0.8558
KOSJ950109.csv,NAOD960101.csv,0.8559
KOSJ950109.csv,ALTS910101.csv,0.8555
KOSJ950109.csv,OVEJ920103.csv,0.8572
KOSJ950109.csv,AZAE970101.csv,0.8556
KOSJ950109.csv,MOHR870101.csv,0.8562
KOSJ950109.csv,PRLA000102.csv,0.8555
KOSJ950109.csv,AZAE970102.csv,0.8554
KOSJ950109.csv,JOND920103.csv,0.8562
KOSJ950109.csv,KOSJ950105.csv,0.8538
KOSJ950109.csv,DOSZ010102.csv,0.8534
KOSJ950109.csv,KOSJ950101.csv,0.8548
KOSJ950109.csv,GRAR740104.csv,0.8560
KOSJ950109.csv,FEND850101.csv,0.8565
KOSJ950109.csv,MUET020101.csv,0.8555
KOSJ950109.csv,LUTR910107.csv,0.8557
KOSJ950109.csv,HENS920103.csv,0.8552
KOSJ950109.csv,KOSJ950104.csv,0.8548
KOSJ950109.csv,LUTR910106.csv,0.8562
KOSJ950109.csv,RUSR970103.csv,0.8551
KOSJ950109.csv,CROG050101.csv,0.8554
KOSJ950109.csv,BENS940102.csv,0.8557
KOSJ950109.csv,DOSZ010103.csv,0.8542
KOSJ950109.csv,BENS940103.csv,0.8556
KOSJ950109.csv,WEIL970101.csv,0.8560
KOSJ950109.csv,KOSJ950108.csv,0.8545
KOSJ950109.csv,BENS940101.csv,0.8558
KOSJ950109.csv,LUTR910104.csv,0.8563
KOSJ950109.csv,OVEJ920105.csv,0.8550
KOSJ950109.csv,LINK010101.csv,0.8546
KOSJ950109.csv,MCLA710101.csv,0.8556
KOSJ950109.csv,LUTR910105.csv,0.8552
KOSJ950109.csv,MIYT790101.csv,0.8555
KOSJ950109.csv,HENS920102.csv,0.8553
KOSJ950109.csv,GEOD900101.csv,0.8561
KOSJ950109.csv,WEIL970102.csv,0.8565
KOSJ950109.csv,RUSR970102.csv,0.8547
KOSJ950109.csv,DOSZ010104.csv,0.8546
KOSJ950109.csv,MCLA720101.csv,0.8558
KOSJ950109.csv,LUTR910101.csv,0.8559
KOSJ950109.csv,BENS940104.csv,0.8563
KOSJ950109.csv,NIEK910102.csv,0.8549
KOSJ950109.csv,BLAJ010101.csv,0.8555
KOSJ950109.csv,RIER950101.csv,0.8567
KOSJ950109.csv,LUTR910103.csv,0.8563
KOSJ950109.csv,KOSJ950113.csv,0.8550
KOSJ950109.csv,LUTR910108.csv,0.8565
KOSJ950109.csv,DOSZ010101.csv,0.8541
KOSJ950109.csv,LUTR910109.csv,0.8562
