main_matrix_name,aux_0_matrix_name,aux_1_matrix_name,rmse
KOSJ950108.csv,OVEJ920101.csv,JOHM930101.csv,0.7518
KOSJ950108.csv,OVEJ920101.csv,KOSJ950106.csv,0.7507
KOSJ950108.csv,OVEJ920101.csv,LUTR910102.csv,0.7500
KOSJ950108.csv,OVEJ920101.csv,MUET020102.csv,0.7499
KOSJ950108.csv,OVEJ920101.csv,KOLA920101.csv,0.7497
KOSJ950108.csv,OVEJ920101.csv,TUDE900101.csv,0.7492
KOSJ950108.csv,OVEJ920101.csv,KOSJ950111.csv,0.7495
KOSJ950108.csv,OVEJ920101.csv,KOSJ950110.csv,0.7500
KOSJ950108.csv,OVEJ920101.csv,NIEK910101.csv,0.7514
KOSJ950108.csv,OVEJ920101.csv,CSEM940101.csv,0.7517
KOSJ950108.csv,OVEJ920101.csv,NGPC000101.csv,0.7519
KOSJ950108.csv,OVEJ920101.csv,GONG920101.csv,0.7520
KOSJ950108.csv,OVEJ920101.csv,KOSJ950114.csv,0.7521
KOSJ950108.csv,OVEJ920101.csv,HENS920104.csv,0.7523
KOSJ950108.csv,OVEJ920101.csv,RUSR970101.csv,0.7519
KOSJ950108.csv,OVEJ920101.csv,QU_C930101.csv,0.7532
KOSJ950108.csv,OVEJ920101.csv,KOSJ950109.csv,0.7537
KOSJ950108.csv,OVEJ920101.csv,MIYS930101.csv,0.7536
KOSJ950108.csv,OVEJ920101.csv,HENS920101.csv,0.7537
KOSJ950108.csv,OVEJ920101.csv,KOSJ950107.csv,0.7537
KOSJ950108.csv,OVEJ920101.csv,DAYM780301.csv,0.7537
KOSJ950108.csv,OVEJ920101.csv,NAOD960101.csv,0.7536
KOSJ950108.csv,OVEJ920101.csv,ALTS910101.csv,0.7536
KOSJ950108.csv,OVEJ920101.csv,OVEJ920103.csv,0.7546
KOSJ950108.csv,OVEJ920101.csv,AZAE970101.csv,0.7546
KOSJ950108.csv,OVEJ920101.csv,MOHR870101.csv,0.7546
KOSJ950108.csv,OVEJ920101.csv,PRLA000102.csv,0.7544
KOSJ950108.csv,OVEJ920101.csv,AZAE970102.csv,0.7544
KOSJ950108.csv,OVEJ920101.csv,JOND920103.csv,0.7541
KOSJ950108.csv,OVEJ920101.csv,KOSJ950105.csv,0.7541
KOSJ950108.csv,OVEJ920101.csv,DOSZ010102.csv,0.7542
KOSJ950108.csv,OVEJ920101.csv,KOSJ950101.csv,0.7550
KOSJ950108.csv,OVEJ920101.csv,GRAR740104.csv,0.7548
KOSJ950108.csv,OVEJ920101.csv,FEND850101.csv,0.7545
KOSJ950108.csv,OVEJ920101.csv,MUET020101.csv,0.7544
KOSJ950108.csv,OVEJ920101.csv,LUTR910107.csv,0.7543
KOSJ950108.csv,OVEJ920101.csv,HENS920103.csv,0.7545
KOSJ950108.csv,OVEJ920101.csv,KOSJ950104.csv,0.7552
KOSJ950108.csv,OVEJ920101.csv,LUTR910106.csv,0.7549
KOSJ950108.csv,OVEJ920101.csv,RUSR970103.csv,0.7535
KOSJ950108.csv,OVEJ920101.csv,CROG050101.csv,0.7524
KOSJ950108.csv,OVEJ920101.csv,BENS940102.csv,0.7519
KOSJ950108.csv,OVEJ920101.csv,DOSZ010103.csv,0.7519
KOSJ950108.csv,OVEJ920101.csv,BENS940103.csv,0.7517
KOSJ950108.csv,OVEJ920101.csv,WEIL970101.csv,0.7514
KOSJ950108.csv,OVEJ920101.csv,BENS940101.csv,0.7517
KOSJ950108.csv,OVEJ920101.csv,LUTR910104.csv,0.7516
KOSJ950108.csv,OVEJ920101.csv,OVEJ920105.csv,0.7518
KOSJ950108.csv,OVEJ920101.csv,LINK010101.csv,0.7517
KOSJ950108.csv,OVEJ920101.csv,MCLA710101.csv,0.7519
KOSJ950108.csv,OVEJ920101.csv,LUTR910105.csv,0.7521
KOSJ950108.csv,OVEJ920101.csv,MIYT790101.csv,0.7521
KOSJ950108.csv,OVEJ920101.csv,HENS920102.csv,0.7523
KOSJ950108.csv,OVEJ920101.csv,GEOD900101.csv,0.7521
KOSJ950108.csv,OVEJ920101.csv,WEIL970102.csv,0.7532
KOSJ950108.csv,OVEJ920101.csv,RUSR970102.csv,0.7533
KOSJ950108.csv,OVEJ920101.csv,DOSZ010104.csv,0.7543
KOSJ950108.csv,OVEJ920101.csv,MCLA720101.csv,0.7539
KOSJ950108.csv,OVEJ920101.csv,LUTR910101.csv,0.7541
KOSJ950108.csv,OVEJ920101.csv,BENS940104.csv,0.7540
KOSJ950108.csv,OVEJ920101.csv,NIEK910102.csv,0.7546
KOSJ950108.csv,OVEJ920101.csv,BLAJ010101.csv,0.7547
KOSJ950108.csv,OVEJ920101.csv,RIER950101.csv,0.7544
KOSJ950108.csv,OVEJ920101.csv,LUTR910103.csv,0.7545
KOSJ950108.csv,OVEJ920101.csv,KOSJ950113.csv,0.7546
KOSJ950108.csv,OVEJ920101.csv,LUTR910108.csv,0.7547
KOSJ950108.csv,OVEJ920101.csv,DOSZ010101.csv,0.7548
KOSJ950108.csv,OVEJ920101.csv,LUTR910109.csv,0.7548
KOSJ950108.csv,OVEJ920101.csv,KOSJ950112.csv,0.7550
KOSJ950108.csv,OVEJ920101.csv,JOND940101.csv,0.7550
KOSJ950108.csv,OVEJ920101.csv,OVEJ920104.csv,0.7548
KOSJ950108.csv,OVEJ920101.csv,PRLA000101.csv,0.7546
KOSJ950108.csv,OVEJ920101.csv,KANM000101.csv,0.7547
KOSJ950108.csv,OVEJ920101.csv,OGAK980101.csv,0.7549
KOSJ950108.csv,OVEJ920101.csv,MUET010101.csv,0.7551
KOSJ950108.csv,OVEJ920101.csv,GIAG010101.csv,0.7556
KOSJ950108.csv,OVEJ920101.csv,KAPO950101.csv,0.7557
KOSJ950108.csv,OVEJ920101.csv,KOSJ950102.csv,0.7556
KOSJ950108.csv,OVEJ920101.csv,QUIB020101.csv,0.7554
KOSJ950108.csv,OVEJ920101.csv,LEVJ860101.csv,0.7554
KOSJ950108.csv,OVEJ920101.csv,MEHP950102.csv,0.7557
KOSJ950108.csv,OVEJ920101.csv,VOGG950101.csv,0.7558
KOSJ950108.csv,OVEJ920101.csv,KOSJ950103.csv,0.7555
KOSJ950108.csv,OVEJ920101.csv,FITW660101.csv,0.7557
KOSJ950108.csv,OVEJ920101.csv,KOSJ950115.csv,0.7559
KOSJ950108.csv,OVEJ920101.csv,OVEJ920102.csv,0.7556
KOSJ950108.csv,OVEJ920101.csv,QU_C930102.csv,0.7556
KOSJ950108.csv,OVEJ920101.csv,RISJ880101.csv,0.7556
KOSJ950108.csv,OVEJ920101.csv,QU_C930103.csv,0.7556
KOSJ950108.csv,OVEJ920101.csv,DAYM780302.csv,0.7556
