full_name,short_name
A/Bilthoven/15793/1968,BI/15793/68
A/Bilthoven/16190/1968,BI/16190/68
A/Bilthoven/16398/1968,BI/16398/68
A/Hong Kong/1/1968,HK/1/68
A/Bilthoven/808/1969,BI/808/69
A/Bilthoven/908/1969,BI/908/69
A/Bilthoven/17938/1969,BI/17938/69
A/Bilthoven/93/1970,BI/93/70
A/Bilthoven/2668/1970,BI/2668/70
A/Bilthoven/6449/1971,BI/6449/71
A/Bilthoven/21438/1971,BI/21438/71
A/Bilthoven/21801/1971,BI/21801/71
A/Hong Kong/107/1971,HK/107/71
A/England/42/1972,EN/42/72
A/Bilthoven/6022/1972,BI/6022/72
A/Bilthoven/21793/1972,BI/21793/72
A/Bilthoven/23290/1972,BI/23290/72
A/Bilthoven/23337/1972,BI/23337/72
A/Bilthoven/552/1973,BI/552/73
A/Bilthoven/748/1973,BI/748/73
A/Bilthoven/3517/1973,BI/3517/73
A/Port Chalmers/1/1973,PC/1/73
A/Bilthoven/5146/1974,BI/5146/74
A/Bilthoven/5930/1974,BI/5930/74
A/Bilthoven/5931/1974,BI/5931/74
A/Bilthoven/7398/1974,BI/7398/74
A/Bilthoven/9459/1974,BI/9459/74
A/Bilthoven/2600/1975,BI/2600/75
A/Bilthoven/2813/1975,BI/2813/75
A/Bilthoven/4273/1975,BI/4273/75
A/Bilthoven/334/1975,BI/334/75
A/Bilthoven/1843/1975,BI/1843/75
A/Victoria/3/1975,VI/3/75
A/Bilthoven/5168/1976,BI/5168/76
A/Bilthoven/628/1976,BI/628/76
A/Bilthoven/1761/1976,BI/1761/76
A/Bilthoven/2271/1976,BI/2271/76
A/Bilthoven/5029/1976,BI/5029/76
A/Bilthoven/5657/1976,BI/5657/76
A/Bilthoven/6545/1976,BI/6545/76
A/Amsterdam/1609/1977,AM/1609/77
A/Bilthoven/3895/1977,BI/3895/77
A/Rotterdam/5828/1977,RD/5828/77
A/Rotterdam/8179/1977,RD/8179/77
A/Bangkok/1/1979,BA/1/79
A/Netherlands/209/1980,NL/209/80
A/Rotterdam/577/1980,RD/577/80
A/Lyon/2380/1981,LY/2380/81
A/Bilthoven/4791/1981,BI/4791/81
A/Bilthoven/10684/1982,BI/10684/82
A/Philippines/2/1982,PH/2/82
A/Netherlands/233/1982,NL/233/82
A/Netherlands/241/1982,NL/241/82
A/Oslo/13676/1983,OS/13676/83
A/Caen/1/1984,CE/1/84
A/Netherlands/330/1985,NL/330/85
A/Stockholm/10/1985,ST/10/85
A/Wellington/4/1985,WE/4/85
A/Guildford/V728/1985,GF/V728/85
A/Netherlands/333/1985,NL/333/85
A/Colorado/2/1986,CO/2/86
A/Leningrad/360/1986,LE/360/86
A/Sichuan/2/1987,SI/2/87
A/Victoria/7/1987,VI/7/87
A/Victoria/1/1988,VI/1/88
A/Christchurch/2/1988,CC/2/88
A/Stockholm/12/1988,ST/12/88
A/England/427/1988,EN/427/88
A/Atlanta/3572/1988,AT/3572DASH5/88
A/Netherlands/450/1988,NL/450/88
A/Oklahoma/5/1988,OK/5/88
A/Netherlands/620/1989,NL/620/89
A/England/138/1989,EN/138/89
A/Eindhoven/3447/1989,EI/3447/89
A/Geneva/5007/1989,GE/5007/89
A/Hong Kong/1/1989,WK/1/89
A/Guizhou/54/1989,GU/54/89
A/Victoria/1/1989,HK/1/89
A/Netherlands/650/1989,NL/650/89
A/Netherlands/738/1989,NL/738/89
A/Singapore/35/1989,SP/35/89
A/Singapore/40/1989,SP/40/89
A/Wellington/5/1989,WE/5/89
A/Beijing/353/1989,BE/353/89
A/Beijing/352/1989,BE/352/89
A/Atlanta/211/1989,AT/211/89
A/Singapore/34/1989,SP/34/89
A/Singapore/36/1989,SP/36/89
A/Singapore/53/1989,SP/53/89
A/Waikato/1/1989,VI/1/89
A/Memphis/5/1990,ME/5/90
A/Shanghai/24/1990,SH/24/90
A/Memphis/2/1990,ME/2/90
A/Seoul/1/90,SU/1/90
A/Wellington/3/1990,WE/3/90
A/Victoria/2/1990,VI/2/90
A/Lyon/1149/1991,LY/1149/91
A/Netherlands/891/1991,NL/891/91
A/Canberra/1/1991,CA/1/91
A/England/260/1991,EN/260/91
A/England/261/1991,EN/261/91
A/Madrid/G12/1991,MA/G12/91
A/Netherlands/816/1991,NL/816/91
A/Geneva/5366/1991,GE/5366/91
A/Lyon/1182/1991,LY/1182/91
A/Paris/467/1991,PA/467/92
A/Tilburg/5957/1991,TI/5957/92
A/Netherlands/938/1991,NL/938/92
A/Geneva/6447/1991,GE/6447/91
A/Lyon/ons1189/91,LY/1189/91
A/Lyon/ons1276/91,LY/1276/91
A/Lyon/ons1337/91,LY/1337/91
A/Lyon/ons1373/91,LY/1373/91
A/Lyon/ons1594/91,LY/1594/91
A/Lyon/chu23672/91,LY/23672/91
A/Lyon/chu24103/91,LY/24103/91
A/Lyon/chu24222/91,LY/24222/91
A/Stockholm/20/1991,ST/20/91
A/Paris/320/1991,PA/320/92
A/Paris/325/1991,PA/325/92
A/Paris/407/1991,PA/407/92
A/Paris/417/1991,PA/417/92
A/Paris/424/1991,PA/424/92
A/Paris/457/1991,PA/457/92
A/Paris/490/1991,PA/490/92
A/Paris/512/1991,PA/512/92
A/Paris/548/1991,PA/548/92
A/Paris/564/1991,PA/564/92
A/Paris/597/1991,PA/597/92
A/Rotterdam/100540/1992,RD/100540/92
A/South Australia/8/1992,ST/8/92
A/Finland/218/1992,FI/218/92
A/Geneva/5113/1992,GE/5113/92
A/Houston/56798/1992,HO/56798/92
A/Houston/56829/1992,HO/56829/92
A/Houston/56941/1992,HO/56941/92
A/Madrid/OV31/92,OV/31/92
A/Nijmegen/3126/1992,NI/3126/92
A/Netherlands/823/1992,NL/823/92
A/Amsterdam/4112/1992,AM/4112/92
A/Enschede/1285/1992,ES/1285/92
A/Finland/220/1992,FI/220/92
A/Madrid/G58/1992,MA/G58/92
A/Nijmegen/3129/1992,NI/3129/92
A/Netherlands/819/1992,NL/819/92
A/Netherlands/935/1992,NL/935/92
A/Paris/583/1992,PA/583/92
A/Paris/614/1992,PA/614/92
A/Stockholm/8/1992,SA/8/92
A/South Australia/23/1992,SA/23/92
A/South Australia/27/1992,SA/27/92
A/Stockholm/7/1992,ST/7/92
A/Victoria/68/1992,VI/68/92
A/Beijing/32/1992,BE/32/92
A/Finland/247/1992,FI/247/92
A/Sendai/C273/1992,SE/C273/92
A/Stockholm/12/1992,ST/12/92
A/Stockholm/13/1992,ST/13/92
A/Umea/1982/1992,UM/1982/92
A/Umea/2000/1992,UM/2000/92
A/Netherlands/3/1992,NL/3/93
A/Madrid/G102/1993,MA/G102/93
A/Madrid/G252/1993,MA/G252/93
A/Netherlands/241/1993,NL/241/93
A/Akita/4/1993,AK/4/93
A/Enschede/5458/1993,ES/5458/93
A/Madrid/G101/1993,MA/G101/93
A/Madrid/G109/1993,MA/G109/93
A/Madrid/G116/1993,MA/G116/93
A/Madrid/G122/1993,MA/G122/93
A/Madrid/G130/1993,MA/G130/93
A/Netherlands/17/1993,NL/17/93
A/Netherlands/101/1993,NL/101/93
A/Netherlands/115/1993,NL/115/93
A/Netherlands/126/1993,NL/126/93
A/Netherlands/165/1993,NL/165/93
A/Netherlands/179/1993,NL/179/93
A/Paris/287/1993,PA/287/93
A/Shiga/6/1993,SG/6/93
A/Yamagata/56/1993,YA/56/93
A/Yamagata/61/1993,YA/61/93
A/Yamagata/62/1993,YA/62/93
A/Netherlands/399/1993,NL/399/93
A/Shandong/9/1993,SD/9/93
A/Lyon/672/1993,LY/672/93
A/Lyon/1803/1993,LY/1803/93
A/Netherlands/357/1993,NL/357/93
A/Netherlands/371/1993,NL/371/93
A/Netherlands/372/1993,NL/372/93
A/Netherlands/398/1993,NL/398/93
A/Netherlands/440/93,NL/440/93
A/Oslo/2219/1993,OS/2219/93
A/Oslo/2352/1993,OS/2352/93
A/Stockholm/20/1993,ST/20/93
A/Victoria/104/1993,VI/104/93
A/Wellington/59/1993,WE/59/93
A/Singapore/19/1993,SP/19/93
A/Lyon/1815/1993,LY/1815/93
A/Lyon/22686/1993,LY/22686/93
A/Lyon/23602/1993,LY/23602/93
A/Singapore/3/1993,SP/3/93
A/Guangdong/25/1993,GD/25/93
A/Scotland/142/1993,SL/142/93
A/Scotland/160/1993,SL/160/93
A/Hong Kong/1/1994,HK/1/94
A/Hong Kong/2/1994,HK/2/94
A/Hong Kong/55/1994,HK/55/94
A/Hong Kong/56/1994,HK/56/94
A/South Australia/15/1994,SA/15/94
A/South Australia/25/1994,SA/25/94
A/England/7/1994,EN/7/94
A/Johannesburg/33/1994,JO/33/94
A/Johannesburg/47/1994,JO/47/94
A/Netherlands/18/1994,NL/18/94
A/Finland/338/1995,FI/338/95
A/Geneva/AI9509/95,GE/A9509/95
A/Hong Kong/32/1995,HK/32/95
A/Finland/339/1995,FI/339/95
A/Hong Kong/3/1995,HK/3/95
A/Finland/381/1995,FI/381/95
A/Hong Kong/38/1995,HK/38/95
A/Hong Kong/49/1995,HK/49/95
A/Hong Kong/55/1995,HK/55/95
A/Lyon/2279/1995,LY/2279/95
A/Nanchang/933/1995,NA/933/95
A/Netherlands/271/1995,NL/271/95
A/Victoria/75/1995,VI/75/95
A/Wuhan/359/1995,WU/359/95
A/Netherlands/1/1995,NL/1/95
A/Brisbane/8/1996,BR/8/96
A/Geneva/3958/1996,GE/3958/96
A/Hong Kong/20/1996,HK/20/96
A/Hong Kong/42/1996,HK/42/96
A/Hong Kong/357/1996,HK/357/96
A/Hong Kong/358/1996,HK/358/96
A/Hong Kong/434/1996,HK/434/96
A/Netherlands/91/1996,NL/91/96
A/Singapore/1/1996,SP/1/96
A/Nice/491/1996,NE/491/97
A/Lyon/1781/1996,LY/1781/96
A/Auckland/10/1997,JO/10/97
A/Oslo/21/1997,OS/21/97
A/Oslo/244/1997,OS/244/97
A/Hong Kong/1/1997,HK/1/97
A/Johannesburg/10/1997,AU/10/97
A/Hong Kong/280/1997,HK/280/97
A/Netherlands/300/1997,NL/300/97
A/Sydney/5/1997,SY/5/97
A/Netherlands/5/1998,NL/5/98
A/Netherlands/414/1998,NL/414/98
A/Netherlands/462/1998,NL/462/98
A/Netherlands/427/1998,NL/427/98
A/Moscow/10/1999,MW/10/99
A/Netherlands/301/1999,NL/301/99
A/Panama/2007/1999,PM/2007/99
A/Netherlands/3/2000,NL/3/00
A/Netherlands/118/2001,NL/118/01
A/Netherlands/126/2001,NL/126/01
A/Netherlands/124/2001,NL/124/01
A/Netherlands/1/2002,NL/1/02
A/Netherlands/120/2002,NL/120/02
A/Fujian/411/2002,FU/411/02
A/Netherlands/22/2003,NL/22/03
A/Netherlands/213/2003,NL/213/03
A/Netherlands/217/2003,NL/217/03
A/Netherlands/222/2003,NL/222/03
A/Finland/170/2003,FI/170/03
A/Netherlands/20/2003,NL/20/03
A/Shanghai/11/1987,SH/11/87
A/Texas/1/1977,TE/1/77
A/Victoria/33/1992,VI/33/92

