"short_name","MDS1","MDS2"
"A/Acores/SU43/2012",-4.13428148045216,1.62189581678245
"A/Adana/199/2014",0.679382563611395,1.02743160145562
"A/Adjame/GR1272/2011",-0.826771940104048,0.883421875372524
"A/Adjame/GR1327/2011",-1.68564939489747,0.969728292633242
"A/Agadir/87/2011",-2.15478495161752,1.00337856371076
"A/Akkar.LBN/6728/2021",-1.34415835162528,-0.213783403319752
"A/Alabama/05/2010",1.23323749708164,0.22407660060456
"A/Alaska/5/2010",-0.966359640660687,-2.6253454536232
"A/Albania/289605/2022",1.07363397014942,-1.06314255755455
"A/Albania/289788/2022",0.798223184498032,-0.549172873102651
"A/Albania/289813/2022",-0.29223434498587,1.00538054653612
"A/Albania/289902/2022",0.0248347360082478,-1.50140164726197
"A/Albania/290243/2022",-0.655851090960901,0.524474331347807
"A/Albania/290270/2022",-0.674399574188305,0.87516654815897
"A/Albania/290350/2022",-0.273680377835401,-0.215683966807347
"A/Albania/290380/2022",1.49133592056419,-0.838627252319148
"A/Albania/290469/2023",-1.78905938598518,-2.0235750969974
"A/Albania/290520/2023",1.05787834068922,-0.13835614303628
"A/Albania/290558/2023",-0.813817651228884,0.105095861082556
"A/Albania/299565/2023",0.529435833678305,0.153514155186725
"A/Albania/302203/2024",0.612601306969164,-0.235940914271474
"A/Albania/302412/2024",0.429475092864958,-0.0709986384071418
"A/Albania/302481/2024",0.409762201297759,0.724323200126708
"A/Albania/302626/2024",-1.48650290669559,0.850712861250767
"A/Albania/302684/2024",-1.69971059313233,1.41835389914446
"A/Albania/302765/2024",-1.19505391382749,1.66134676755074
"A/Albania/302946/2024",-0.985017003190533,1.76786614133999
"A/Alborz/96/2012",-2.18088089187956,0.54060522855293
"A/Algeria/16901/2024",0.296982309541227,-1.01708583804032
"A/Algeria/16913/2024",0.9500109373405,-1.38662898230999
"A/Algeria/339/2025",1.21668516324004,-0.613413883181902
"A/Algeria/459/2025",0.296133600010289,2.91431550183012
"A/Alsace/06300/2024",0.479901110908787,0.276995622353947
"A/Ambositra/01616/2024",0.0760677316055939,2.37268559164406
"A/Ambositra/02034/2024",0.567883972493359,0.603107078354437
"A/Andalucia/2703/2022",-2.13338528320374,0.679803404771373
"A/Andalucia/9561/2021",-0.355814443840201,-1.25590384691802
"A/Ankara/1907/2016",4.02936320643124,-1.03142943609858
"A/Antalya/204/2011",1.39421842242068,-0.221827832482061
"A/Antalya/3562/2016",3.27496033659998,-0.596478205061448
"A/Antalya/7/2018",-0.513702561734427,-1.05378651460885
"A/Antananarivo/02702/2023",0.388673084097456,1.28225086124637
"A/Antananarivo/03320/2023",0.208316500645783,1.27871131174651
"A/Antananarivo/03601/2022",-0.585608583088505,0.288881594086096
"A/Antananarivo/04020/2022",-2.77186562269962,-2.35353784969741
"A/Antananarivo/04650/2022",-2.62802513459037,-2.2079301005227
"A/Antananarivo/05015/2022",-2.77085734743012,-2.18904419447703
"A/Antananarivo/4906/2012",-3.71819988801188,3.10818746313265
"A/Antananarivo/50000/2024",-0.233738391414091,2.03861814535052
"A/Antsirabe/01583/2024",0.406651866526294,0.232102454710122
"A/Antsirabe/03366/2022",3.71421605669636,-0.512013238149053
"A/Antsirabe/2096/2017",4.12033452231078,-1.09443098568449
"A/Antsirabe/3857/2015",3.38006462142262,-0.718474761692712
"A/Aragon/271/2014",-0.115276225343065,1.11093199334967
"A/Argentina/1065/2024",0.810700013963521,0.571629797320076
"A/Argentina/1084/2024",0.714044184322824,0.154151628320897
"A/Argentina/1130/2024",0.430632953519985,0.95404562002639
"A/Argentina/1163/2024",0.43068992925529,0.954053019806731
"A/Argentina/1173/2024",-0.305425160570744,2.03186621717387
"A/Argentina/1178/2024",0.225503169597272,1.54341650977314
"A/Argentina/1182/2024",0.430671987607103,0.954050750460235
"A/Argentina/1211/2024",0.169779356629149,2.32429039632746
"A/Argentina/1221/2024",0.612595695209735,-0.23593823594717
"A/Argentina/2745/2022",-2.83892332790221,-0.303377362023454
"A/Argentina/2784/2022",-2.00118689904597,-1.74627220614154
"A/Argentina/2822/2022",-1.80812343151952,-0.170784805045051
"A/Argentina/28367/2010",-1.04651729675468,-0.673594709257959
"A/Argentina/28370/2010",-0.67137737384353,-1.04961299921588
"A/Argentina/2863/2022",-1.94382577432442,0.0379006097223229
"A/Argentina/2894/2022",-1.30772910118494,-0.100211985858145
"A/Argentina/3104/2022",-1.76407755682822,-3.66071232926184
"A/Argentina/3486/2022",-2.06255013157382,-2.70464540773846
"A/Armenia/1/2017",3.96693038425641,-0.584971781220067
"A/Armenia/10/2017",1.97564328887486,-0.756612042522041
"A/Armenia/12/2017",4.25561148738878,-0.50409899575403
"A/Armenia/2363/2016",4.15166059390347,-0.867907858651732
"A/Armenia/3/2017",2.58742421582934,-0.567550314024836
"A/Armenia/4/2017",1.52777997705411,-0.981819355108174
"A/Armenia/501/2019",0.671906477251793,-0.327936918257325
"A/Armenia/885/2021",-1.20027872928177,-2.81097734314689
"A/Armenia/887/2021",-0.22975451473278,-1.31066790228614
"A/Armenia/922/2021",-1.59200003753234,-2.27508759523911
"A/Armenia/941/2019",1.62621266913997,-0.90256537971664
"A/Arsal/5767/2021",-0.577585484466394,-0.448444636673998
"A/Arsal/5768/2021",-1.13245642170038,0.368980882825384
"A/Astrakhan/01/2021",0.965057284528336,1.1385020661665
"A/Astrakhan/05/2021",-0.149840976989529,-0.88686156083042
"A/Astrakhan/07/2021",-0.503940338226035,-1.91923467330811
"A/Astrakhan/32/2017",5.06296386595848,-1.09497067993356
"A/Astrakhan/65/2012",1.38389763680866,2.78632129744688
"A/Athens/108/2011",-0.404704754538021,-0.883173387839943
"A/Aubenas/2399/2017",3.94372877806104,-0.918434953314346
"A/Austria/1102969/2018",0.786062164788304,-1.22301982584465
"A/Austria/1113943/2018",0.207097041276879,-0.828946464757794
"A/Austria/1115342/2019",1.2348292534969,-1.9296701848238
"A/Austria/1121450/2019",1.11287952100704,-0.163171754558958
"A/Austria/1121455/2019",-0.287478053138497,0.114894554113191
"A/Austria/1129536/2019",0.690246656977866,0.453843369649509
"A/Austria/1496862/2022",-1.27580012839916,0.743567868872578
"A/Austria/1499572/2022",0.286218079793472,0.143085219820274
"A/Austria/1503342/2022",-0.842800267297421,0.70145032050635
"A/Austria/1505762/2022",-0.847646480765107,0.423762905632011
"A/Austria/1505788/2022",-2.57743433910245,-2.53543247873558
"A/Austria/1507395/2022",-1.10872832030397,0.511281413059265
"A/Austria/1508277/2022",-1.58806491134547,-3.13106238668813
"A/Austria/1514532/2022",0.286596752961987,0.144173712867304
"A/Austria/1572440/2022",0.730991397545844,-1.65738365500511
"A/Austria/1573799/2022",-0.759569278404962,1.02770904095521
"A/Austria/1574200/2022",0.853623735181615,-0.527809333805799
"A/Austria/655242/2012",0.497984258621113,-0.0382909171678039
"A/Austria/709778/2012",-5.52730086446943,-0.349137952055167
"A/Austria/710638/2012",-3.70111730548811,0.932935174793314
"A/Austria/892085/2015",2.91120180975634,-0.196602457943196
"A/Austria/956928/2016",3.24978652154727,-0.432781019948385
"A/Avila/15/2019",0.296974129219059,-2.95584309212495
"A/Aydin/3060/2016",1.36346382919267,4.11692168414748
"A/Bacau/89197/2012",0.706115987486793,-0.834120160354996
"A/Baden-Wurttemberg/87/2014",2.64938667342571,-1.30851468470165
"A/Baden-Wurttemberg/87/2019",0.584303479760375,-2.21206843474019
"A/Baleares/14038/2013",-0.270053329879763,0.961644841680318
"A/Baleares/1521/2013",0.834019883413092,0.480867118766795
"A/Baleares/RR6848/2010",-0.526638925201106,0.679894393412097
"A/Bangladesh/4005/2020",0.971918882486361,-0.713187233643306
"A/Bangui/172/2024",0.230235275482662,-0.172561701284177
"A/BanskaBystrica/83/2024",0.967517914043933,-0.0704220892262953
"A/Barka/72126850/2021",-1.87369103182177,0.636954291508602
"A/Barnaul/139/2017",3.77471686170639,-0.673978357823529
"A/Bawshar/72212056/2022",1.68823233463737,0.19270870235627
"A/Bayern/10/2023",-0.920233157510182,1.40889361531946
"A/Bayern/113/2019",2.27566568332822,-0.360617740470869
"A/Bayern/6/2023",0.525375228447774,1.16580276767824
"A/Bayern/7/2022",-0.947146987219987,0.992462423792965
"A/Behoririka/355/2015",3.67258662254447,-1.05244290805631
"A/Beijing-Chaoyang/12841/2018",2.38360423750141,-1.28251946754778
"A/Beijing-Xicheng/13100/2014",2.91953196065391,0.106515194027745
"A/Beijing/2019-15554/2018",2.34979458261723,-0.982172011626722
"A/Belgium/106/2023",0.502011028822842,0.712720617023237
"A/Belgium/13G1308/2013",0.8016261726592,0.519956527547464
"A/Belgium/14G0496/2014",0.694245755966202,0.188337032021129
"A/Belgium/2817/2024",0.355587262083582,1.72268303034086
"A/Belgium/7898/2024",0.385855031365153,3.03442264721506
"A/Belgium/912/2024",0.576557622247227,-1.64783809121816
"A/Belgium/G0007/2023",-2.30259707126632,-4.7625468760216
"A/Belgium/G0153/2022",-1.28183750866365,-0.0163995727591634
"A/Belgium/G0159/2022",-1.44321001261258,-2.98393892170938
"A/Belgium/G0182/2022",-1.56136622278882,-1.97029755557772
"A/Belgium/G0314/2022",2.45976873887186,-1.02808935585301
"A/Belgium/G0393/2022",2.15925854379982,-0.331387433314943
"A/Belgium/G0687/2016",3.49340803836578,-1.52921302960684
"A/Belgium/G1034/2013",-2.66776454659491,2.47816271700012
"A/Belgium/G1147/2011",-1.10036886284681,0.231276468703558
"A/Belgium/G589/2014",-0.444926356117473,3.51336483823693
"A/Belgium/H0010/2021",-0.873206881604879,-0.343764639817776
"A/Belgium/S0304/2012",-4.33399899301579,-1.05742396925661
"A/Belgium/S0757/2022",-1.41334171795964,0.573991700975871
"A/Belgium/S0772/2022",-0.835530846458606,0.0579148138746147
"A/Belgium/S0814/2022",-2.33733808290458,-2.97656206067575
"A/Belgium/S0898/2023",1.10455593278365,-2.4323370713871
"A/Belgium/S1030/2022",-0.767727730864423,0.583412156704568
"A/Belgium/S1045/2022",-1.45769099227524,-0.496069655546876
"A/Belgium/S2653/2022",0.713690731194877,1.06949140508408
"A/Belgium/S2699/2022",2.66453909948816,-0.690732997881653
"A/Belgrade/1470/2012",-4.46789619399202,0.544553154471202
"A/Belgrade/1544/2012",-4.385034025264,-0.163561080716754
"A/Belgrade/898/2012",-4.82703165335293,1.54359792239444
"A/BeniMellal/131/2022",-0.183863408119991,1.27529471694598
"A/Beograd/1549/2012",-4.9020174679846,0.61381238935358
"A/Beograd/1607/2012",-4.15694482890822,-0.100439144932834
"A/Berlin/145/2022",-1.89545623961644,-2.73632426834823
"A/Berlin/173/2015",4.06682437554886,-1.12268076204872
"A/Berlin/215/2013",0.594198513281934,2.04321310681606
"A/Berlin/27/2023",-0.243669494549821,1.56659997525611
"A/Berlin/4/2021",-1.15950012949007,-0.225754302773812
"A/Berlin/5/2021",-1.02566221655241,0.343797456124465
"A/Berlin/52/2016",4.2644635242233,-0.632163116828257
"A/Berlin/8/2014",0.578441005089942,1.57985474387662
"A/Berlin/93/2011",-0.503297899868376,-0.145181691122119
"A/Bitlis/4351/2016",3.33319977988296,0.214347726690545
"A/Blida/42154/2022",-1.21164981817896,1.27997077473727
"A/Bolu/3994/2016",4.32097235137812,-0.32098621652897
"A/Bolzano/24/2022",-1.92070572336114,-3.01915714508907
"A/Bolzano/40/2022",0.197127963793479,1.19994215073455
"A/Bolzano/7/2016",3.49851397087753,-1.19706825633957
"A/Boras/SE23-16165/2023",-0.634627098765414,1.3911171676232
"A/BosniaAndHerzegovina/167/2023",1.25837070196577,-0.682665670281564
"A/BosniaAndHerzegovina/483/2024",0.38481855555333,0.961011899911893
"A/Boumerdes/44092/2022",0.217358160343564,2.02107106959781
"A/Brandenburg/2/2022",1.10992366357253,-0.956166487333639
"A/Brandenburg/3/2012",-3.86422240884718,1.84396008289859
"A/Brandenburg/3/2023",-2.65416287354997,2.81880330028765
"A/Brandenburg/40/2017",4.41124819458299,-1.66812655303525
"A/Bratislava/184/2016",2.64831160312054,-1.469292706796
"A/Bratislava/322/2017",2.18798841186644,-1.01176515526821
"A/Bratislava/446/2019",-0.652729905784918,-0.449946290322485
"A/Bratislava/811/2013",-2.40215754307152,1.2266483659243
"A/Bratislava/887/2013",1.01714981522627,-0.759807437449147
"A/Bremen/1/2010",0.0464518320098447,-0.928791944954969
"A/Bremen/12/2019",0.486935551521707,-1.78815297944204
"A/Bremen/27/2017",4.91069890714524,-1.21061421229814
"A/Bremen/28/2022",-0.731454787891148,-0.902555577528803
"A/Bremen/4/2022",-1.04369466129934,0.940050288672756
"A/Brest/2001/2019",0.330169609169552,-3.77810193081752
"A/Brest/2002/2019",0.0801727793014763,-3.22211394193101
"A/Bretagne/014/2014",1.1612134865137,0.019434073438646
"A/Bretagne/02975/2023",0.97016737479507,-0.112500709813833
"A/Bretagne/04092/2024",-0.491597842441666,2.06881283147539
"A/Bretagne/04824/2024",-0.594435076742411,0.875241838847967
"A/Bretagne/05154/2024",-0.579695547185483,1.19070788043227
"A/Bretagne/1413/2017",3.08359260741354,-0.882533525652235
"A/Bretagne/2845/2016",4.07839553231224,-1.59138778896539
"A/Bretagne/32468/2022",0.007266988474175,1.47617914481437
"A/Brisbane/01/2018",4.29734382066489,-2.18950785723011
"A/Brisbane/1/2012",-0.830799168406648,-1.3457959747465
"A/Brisbane/1/2013",-1.96851477706659,0.509950133772826
"A/Brisbane/10/2007",1.37746301712913,-4.81143711203615
"A/Brisbane/11/2010",2.18952145642617,0.255068622677605
"A/Brisbane/24/2008",1.80452757705464,-6.10056559472416
"A/Brisbane/299/2011",-0.425607161291468,-2.12844393988069
"A/Brisbane/321/2016",3.57754916447342,-1.82781023137202
"A/Brisbane/4/2007",1.93544798166671,-6.32546754415876
"A/Brisbane/47/2015",3.59531505413517,-1.82245104666525
"A/Brisbane/48/2007",-1.36440679842288,-2.66107929683407
"A/Brisbane/82/2015",-0.0910843283396279,4.2167946152148
"A/Bucuresti/193605/2016",1.40004130407951,4.37441053447354
"A/Bucuresti/565777/2024",-0.162297680008536,0.658643947319699
"A/Bucuresti/565832/2024",-0.219785532588688,1.44711023654885
"A/Bucuresti/566045/2024",-0.309900790827848,0.29879641160646
"A/Bucuresti/570056/2024",0.726334884946518,0.300127412907339
"A/BuenosAires/R12/2022",-2.17372170131309,0.190194736749299
"A/Bulgaria/040/2014",0.4018000755574,0.118749605559071
"A/Bulgaria/1075/2024",-0.345719922832185,2.0631928242157
"A/Bulgaria/127/2014",0.384548465177125,0.175167934842995
"A/Bulgaria/1536/2022",-1.02037706059256,-0.603158561482203
"A/Bulgaria/1581/2022",-0.906812797015592,-0.936551518502275
"A/Bulgaria/1666/2022",-1.00282672522384,-0.591573530944188
"A/Bulgaria/1718/2024",-0.582209920504677,0.0309006326447181
"A/Bulgaria/1726/2022",-1.00282582445532,-0.591574376791529
"A/Bulgaria/1813/2022",-1.10439988172423,-0.439034267078262
"A/Bulgaria/182/2017",3.26603835599105,-0.997345859824985
"A/Bulgaria/2/2017",3.50937509841598,-1.00483720950216
"A/Bulgaria/2020/2024",-0.34572034302974,2.06319270701845
"A/Bulgaria/2091/2024",-2.74264062196456,1.83153467350726
"A/Bulgaria/218/2012",2.04138325477328,-1.50761922251514
"A/Bulgaria/2222/2024",-0.987388434136199,1.28943712603869
"A/Bulgaria/2261/2024",0.383445539638451,0.934127978655151
"A/Bulgaria/2402/2024",0.284298410562277,-0.580630290085423
"A/Bulgaria/243/2015",3.41124972596967,-1.46711179557726
"A/Bulgaria/2502/2024",-0.217171278007897,1.28327509959437
"A/Bulgaria/253/2013",-1.97416755649915,2.3269741622466
"A/Bulgaria/253/2015",-0.48937550468253,3.93418923719938
"A/Bulgaria/373/2017",3.51371624185826,-0.854986311996978
"A/Bulgaria/414/2017",3.22080180878376,-0.860042326220277
"A/Bulgaria/664/2023",-0.347605316743352,-4.03658055884249
"A/Bulgaria/845/2014",1.84751195630943,0.988794060039614
"A/Bulgaria/902/2019",1.53231560186297,-0.764664837197174
"A/Bulgaria/949/2019",0.209036048636241,-0.136280586314592
"A/Burgos/207/2015",0.626475049259288,2.37852812562234
"A/Burgos/246/2022",-0.361085850203466,-3.75508124660581
"A/Burgos/260/2022",-0.408165451375394,-4.81216716571585
"A/Burgos/262/2022",-0.42028139231085,-3.27006300755476
"A/Burgos/4014/2023",0.970147292968534,-0.112507583000584
"A/Burgos/4245/2023",2.16556853610313,-2.34544273292083
"A/Burgos/5/2023",0.255722324001467,0.904958108054097
"A/Burgos/64/2023",-2.92386866775442,1.90362125923518
"A/BurkinaFaso/182/2023",2.9847177908081,-1.56032290672157
"A/BurkinaFaso/2070/2023",2.93507076737808,-0.383465187422964
"A/BurkinaFaso/211/2023",3.1438584275251,-1.66429983594061
"A/BurkinaFaso/232/2023",-6.09024326228889,-0.183791576800779
"A/BurkinaFaso/244/2023",-5.32334237688037,-1.35210370375116
"A/BurkinaFaso/3419/2023",2.76788844975005,-1.23948056080199
"A/BurkinaFaso/3442/2023",1.40773293680028,2.01713485327995
"A/Bursa/176/2013",1.0411845009143,1.18685003056961
"A/Bursa/250/2011",0.973291270914255,-0.10589303928597
"A/Caen/2343/2014",0.562053945478601,3.91747597310151
"A/Cairo/132/2012",-2.82060929518403,0.760987848490477
"A/Cairo/136/2012",-2.73858238819887,0.861389921187712
"A/Cairo/140/2012",-4.74135714130118,-0.0912653553619349
"A/Cairo/158/2013",-3.73454247076818,1.12749281497589
"A/Cairo/59/2012",-5.05258712622481,-1.0364103037228
"A/Cairo/63/2012",-5.24480784804862,-0.0719034766793779
"A/Cairo/93/2012",-4.13728482107451,0.237174043033385
"A/Calarasi/162804/2014",2.0239225407091,-0.0834634503558072
"A/California/122/2022",-0.214615185124061,1.04239794727246
"A/California/7/2004",3.08115588178283,-4.63334260916594
"A/Cambodia/925256/2020",2.53817055751603,-1.66122073397117
"A/Cambodia/e0826360/2020",1.36893569124272,-1.58807792920171
"A/Cameroon/12V-2580/2012",-1.91035777870944,3.12576186082328
"A/Cameroon/12V-4093/2012",-2.30393199954343,2.95504655984594
"A/Cameroon/12V-4223/2012",-2.304174337958,3.00135358322669
"A/Cameroon/12V-4580/2012",-1.91618801319655,1.85421204536902
"A/Cameroon/12V-4685/2012",-3.41153180348227,1.15286089376796
"A/Cameroon/2919/2023",-0.646381112253392,2.57875920374963
"A/Cameroon/2925/2023",-2.66852993510907,0.87315006128549
"A/Cameroon/3172/2024",0.990035789581118,-1.47942009412378
"A/Cameroon/4680/2014",3.02148686880995,0.422569837705523
"A/Cameroon/541/2023",-1.72013097549663,2.06878973220718
"A/Cameroon/5793/2013",1.98877668361053,0.708885984720229
"A/Cameroon/658/2009",-0.768922496897105,-1.50720616619113
"A/Cameroon/6984/2024",1.80933024544906,-0.440723724552527
"A/Cameroon/8474/2023",-1.43325053874371,2.03239736424359
"A/Cameroon/9092/2023",0.990701753248221,0.818641270304431
"A/Cameroon/9264/2018",0.953167975721296,-1.49635153282775
"A/Cameroon/9645/2022",-3.25269339165079,-3.8498027013552
"A/Cameroon/9680/2018",1.25002578828387,-1.18855993909418
"A/Cameroon/9812/2023",0.956490210283446,0.999147031175251
"A/Canarias/1689/2014",1.78061708267109,-0.572668269484887
"A/Canberra/302/2023",-0.658330819829607,1.87217446801584
"A/Canberra/309/2023",0.116715379871784,1.07170195124432
"A/Canberra/373/2023",0.960037930964865,1.09962691512485
"A/Canberra/82/2014",3.16893392484524,-1.74164823029904
"A/CastillaLaMancha/2303/2023",0.285959270051445,0.892611424781562
"A/Catalonia/2141012NS/2013",2.01956627164442,0.832158262811491
"A/Catalonia/2152420NS/2014",1.86308373033101,1.03235596269911
"A/Catalonia/2235376NS/2015",3.62409879781392,-1.98369085665357
"A/Catalonia/2262797NS/2022",0.456455912946193,0.15717770631868
"A/Catalonia/3509691NS/2017",4.01980035132957,-1.15390353680781
"A/Catalonia/3512677NS/2022",-2.84828138752395,-3.12383769599344
"A/Catalonia/3551005/2021",-1.64779026116153,-0.126032859924112
"A/Catalonia/5689S/2013",-3.69925396521113,0.602029724085506
"A/Catalonia/6623S/2013",1.26779887797416,0.937673988870859
"A/Catalonia/NSJO510768271/2024",0.155441561355444,-0.86823758052177
"A/Catalonia/NSVH102155361/2023",-2.85717938197215,1.07248735332489
"A/Catalonia/NSVH102158148/2023",-1.23650490532972,1.23319638300068
"A/Catalonia/NSVH102337351/2024",0.486885861141901,1.74581881794256
"A/Catalonia/NSVH102367246/2024",0.155481960446125,-0.868271743504671
"A/Catalonia/NSVH198242704/2022",-0.173328183494991,0.121275345803411
"A/Centre/013/2019",-0.534397824751699,-0.258376947832634
"A/Centre/03353/2023",0.0747834104064919,-0.605659294851443
"A/Centre/1497/2014",1.58050822572215,-0.257155530376606
"A/Centre/1846/2019",0.499399988160728,-3.21689144792593
"A/Centre/2484/2013",0.949416963382125,0.329084238983115
"A/Centre/2559/2019",0.47075530541865,-1.05594692033319
"A/Champagne_Ardenne/02109/2023",0.309271051148154,-3.31278404030766
"A/Champagne_Ardenne/05242/2023",1.08656193849389,-0.386810148762756
"A/Chiba/61/2014",1.25700103013057,5.51323177514634
"A/Chita/259/2014",0.968929041732887,3.23666296494234
"A/Chita/261/2014",3.28174322587172,-0.408857513412085
"A/Christchurch/28/2003",1.57236128804525,-4.20122679706818
"A/Christchurch/512/2012",-2.29806787590418,-1.70532517683096
"A/Christchurch/515/2019",1.60024794252365,-0.683257866122077
"A/Christchurch/516/2019",1.83936566053115,-0.29938071978059
"A/ComunidadValenciana/1925/2024",0.393056779205811,1.54633287592763
"A/CoteD'Ivoire/4452/2024",-0.0799252842338079,-0.532846537913289
"A/CoteD'Ivoire/4459/2024",0.285664811762009,2.82255504814478
"A/CoteD'Ivoire/4460/2024",-0.519377774246458,0.645348712117523
"A/CoteD'Ivoire/4492/2024",-0.00385582749959986,1.09793379356486
"A/CoteD'Ivoire/4555/2024",0.0635930324293171,1.56979570737399
"A/CoteD'Ivoire/4592/2024",-0.268224788615356,0.511528015909231
"A/CoteD'Ivoire/4593/2024",0.242898849355822,-1.05358880769468
"A/CoteD'Ivoire/4612/2024",0.150036809473512,2.15711284443411
"A/Croatia/111538/2022",0.0727125117609866,1.42490442413037
"A/Croatia/14020/2023",-0.300157842136405,1.1610312027795
"A/Croatia/14051/2023",1.09398395749122,0.35350783221569
"A/Croatia/1613/2024",0.990035268218658,-1.47941958522063
"A/Croatia/1923/2014",-0.752003942621023,2.09893642448363
"A/Croatia/3608/2017",3.92894197944055,-1.43024446543594
"A/Croatia/70648/2022",0.409869761577202,1.10154340924596
"A/Croatia/70723/2022",-2.03456283418395,-0.166800418338695
"A/Croatia/77372/2022",-2.57532632646241,-2.25342218294185
"A/Cyprus/F16/2016",1.23573707688683,5.67961928595851
"A/Cyprus/F30/2014",1.52439029079768,1.58943807697578
"A/Dakar/03/2022",-2.80635742242052,-1.90396643965807
"A/Dakar/030/2024",0.339431828679786,-0.713653994638464
"A/Dakar/033/2024",0.269544472194343,1.95947456263234
"A/Dakar/034/2024",-0.215532465393781,1.5820096076742
"A/Dakar/035/2024",2.28044334777028,0.821003529317707
"A/Dakar/038/2024",-0.401904378716271,0.0606310140947013
"A/Dakar/040/2024",0.558802133103944,1.33837044709199
"A/Dakar/05/2022",-2.17197834913437,-0.964682982296591
"A/Dakar/08/2022",-1.35441526160752,-0.0236829009821549
"A/Dakar/10/2018",1.18862592492324,-2.49188001279479
"A/Dakar/10/2022",-2.08498885941403,-1.55875343857857
"A/Dakar/11/2019",0.234417451838313,-3.15109163518668
"A/Dakar/11/2022",-1.21893625273836,-1.24237729845643
"A/Dakar/13/2019",0.188304050146363,-2.89390112182535
"A/Dakar/13/2024",1.41251304590173,-1.64525575272329
"A/Dakar/14/2022",-0.897295157569306,-0.302130053346625
"A/Dakar/16/2012",-1.59328478664709,4.12940668908457
"A/Dakar/17/2024",-1.04088536917556,2.00777235812563
"A/Dakar/18/2019",-0.222832604512595,-0.694947025848894
"A/Dakar/20/2022",-1.0865340999728,0.510194028510059
"A/Dakar/21/2011",1.20234399853432,-0.138032974444884
"A/Dakar/22/2022",-2.07740231782593,-2.51287624961045
"A/Dakar/23/2024",1.41251978016455,-1.64526198412366
"A/Dakar/24/2022",-2.24060923870722,-1.81882938463866
"A/Dakar/25/2024",-1.38576992628142,1.33609874970016
"A/Dakar/27/2022",0.188328624339453,-0.452501704589383
"A/Dakar/28/2018",0.2601984403777,-2.97391989736304
"A/Dakar/29/2018",0.559613390185348,-2.80962236685501
"A/Dakar/62/2021",-2.13011450108266,-2.19908493520797
"A/Dakar/64/2021",-0.838487260242165,-5.36809906667642
"A/Darwin/9/2021",-0.162147182697378,0.0421390760290173
"A/Delaware/01/2021",-1.8277727262066,-2.01231026229594
"A/Denmark/01/2015",3.5201037407991,-1.10454519142082
"A/Denmark/103/2013",0.728780486355805,1.20567483476461
"A/Denmark/104/2013",0.791313526990277,0.123895308791425
"A/Denmark/105/2010",-0.456254227529262,-0.279797486153449
"A/Denmark/1089/2024",0.228714777175029,1.71520828843235
"A/Denmark/21/2021",-1.10108472357671,-2.4798681691636
"A/Denmark/2208/2024",0.534283571969296,-0.73740613875155
"A/Denmark/2245/2024",0.984672245355997,1.34219022170445
"A/Denmark/2440/2024",0.0635930287178086,1.56979572271407
"A/Denmark/2452/2024",0.548657849502768,2.17423056806899
"A/Denmark/2674/2024",0.327935679010504,1.52580546546476
"A/Denmark/28/2012",1.62064240080283,-0.750481044229579
"A/Denmark/36/2012",-0.814989739520101,-0.95493145012495
"A/Denmark/42/2012",0.381873865093193,-0.110990296253281
"A/Denmark/45/2012",-1.59985579012363,-1.60096917244894
"A/Denmark/45/2014",0.650848135247277,4.25479952383913
"A/Denmark/6/2012",-3.75738484807331,2.21009520129849
"A/Denmark/67/2012",-2.7576892762602,2.23179429613486
"A/Denmark/68/2012",-1.70673987046748,2.25785211837314
"A/Denmark/71/2012",-1.70677043580564,2.25759311202421
"A/Denmark/78/2012",-3.34427275249513,2.64381348660636
"A/Denmark/90/2011",0.255534619073443,-0.449691217008278
"A/Desgenettes/1941/2017",0.608419579473915,-0.918818236443822
"A/Dijon/1176/2017",5.84819842620133,-0.813612575825954
"A/DistrictOfColumbia/27/2023",0.210258323196859,0.381688034042856
"A/Diyarbakir/1208/2018",-0.361991312842115,0.123208332114397
"A/Dnipro/229/2014",1.02231916613376,0.957535661980758
"A/Dnipro/232/2014",-0.2430485670797,0.936907445712767
"A/Dnipro/244/2017",3.92871845435509,-1.19685825976474
"A/Dunkerque/16908/2022",-0.478080264948704,0.279586899105907
"A/Egypt/2319996/2022",0.0608023753829552,-4.3443585322799
"A/Egypt/8070/2016",3.78389879010309,-0.881214261404443
"A/Egypt/8200/2016",4.35616195602818,-0.630558703373364
"A/Egypt/8375/2016",4.38871059541472,-0.938977737995978
"A/Egypt/8437/2016",3.96218616712353,-1.57192376012132
"A/Egypt/8619/2016",5.30346387862049,-1.13842508530154
"A/Egypt/GAB3932/2014",0.818444861081979,0.724346587498008
"A/Ekaterinburg/2/2012",2.17861935174111,-0.35160249701897
"A/Ekaterinburg/4/2012",1.7187014284488,0.281755645806247
"A/England/1/2014",1.11064740348322,1.86170800075299
"A/England/12/2012",-0.0361357099341615,-0.6104376434099
"A/England/13/2015",0.91388464168879,2.82516881991818
"A/England/137/2024",0.423465922529582,2.17551938823406
"A/England/144/2024",-0.0963023704384487,-1.20034242656517
"A/England/154/2019",0.416378967796089,-3.2029112633171
"A/England/168/2024",0.454630415514741,-1.42740372739352
"A/England/169/2024",-0.0961553441142722,-1.20059441054883
"A/England/173/2024",1.33421735914798,-1.43807077898235
"A/England/188/2013",-1.69649358511788,2.33034334636652
"A/England/189/2023",-0.311636259767595,1.19211177648946
"A/England/19/2017",4.06065662294319,-0.552755031302078
"A/England/195200780/2019",2.29409063420959,-1.39464758107029
"A/England/214040936/2021",0.386590135116912,0.785726961451136
"A/England/232/2009",-0.0673070262968872,-2.96026980244438
"A/England/257/2011",-0.652494710252309,0.780408204408528
"A/England/258/2011",-4.24844244751936,1.10197254164685
"A/England/259/2011",0.632745999480286,-1.59722242686967
"A/England/270/2010",-6.11071856725819,-1.21722578553205
"A/England/3/2019",0.254630968169012,-3.28877854608325
"A/England/316/2012",-2.61466129189414,0.305054628360493
"A/England/335/2019",0.101463439038564,-3.24624974873556
"A/England/42/2023",-1.25796942607656,1.63706895033387
"A/England/476/2012",-2.50396167320502,0.291945116879718
"A/England/49/2012",-2.61466583456278,0.305079743462125
"A/England/517/2012",-2.68521461946669,1.31920498532396
"A/England/527/2014",-0.4458188822259,1.70567204923089
"A/England/531/2012",-3.33376268626947,2.83727449822573
"A/England/561/2014",2.26344775641385,-1.08127256519592
"A/England/565/2012",-1.12178653149179,2.46245013784363
"A/England/568/2012",1.14051812634163,0.273565635543657
"A/England/569/2012",1.49231412401303,1.67298929315688
"A/England/586/2012",-2.51930958565713,2.32923255217104
"A/England/61/2024",0.778395900502326,-1.77518523709626
"A/England/617/2013",1.32251856660492,2.39253183187554
"A/England/62/2024",1.89743761181524,0.716113597133274
"A/England/630/2018",0.586135503430832,-0.464459752336587
"A/England/651/2013",1.52833514122066,3.61779980095977
"A/England/668/2012",-2.74604924530278,2.79783622981493
"A/England/67/2024",0.263610706434129,1.16251277932321
"A/England/670/2012",-0.675983712489916,2.31269402261498
"A/England/68/2024",1.12399705242704,0.0156238393929873
"A/England/69/2024",0.0551218377317685,-1.04254950456149
"A/England/700/2009",0.00584693770804233,-2.70007678453899
"A/England/815/2009",-0.339787594032814,-1.73161916691191
"A/England/929/2016",0.600437128402578,5.08269078644804
"A/England/93/2019",0.95341389198065,-0.52660367174304
"A/England/962/2016",4.05341984353653,-0.204717914805488
"A/England/fmhwY2NxZm9pZg/2018",0.683122081206192,-2.13477544252027
"A/Erzurum/4165/2013",1.14738002482514,1.13212037032494
"A/Erzurum/99/2014",0.476897011702973,1.47598808838068
"A/Esfahan/6117/2010",-4.35788958627016,-5.2212898120748
"A/Eskilstuna/6/2019",1.58256309515097,0.0872610850752084
"A/Eskilstuna/SE24-03387/2024",-0.116755470227397,3.27963399178643
"A/Estonia/65266/2012",0.837891832228505,-1.26114864465951
"A/Estonia/66234/2012",0.0803407784385973,-0.295900284478902
"A/Estonia/66239/2012",1.28171996563127,-0.726919943782847
"A/Estonia/76614/2013",0.673708481908073,0.525100907975216
"A/Estonia/76663/2013",-2.29417720689463,3.26112682706744
"A/Estonia/77365/2013",-0.401517317267864,2.37965510894018
"A/Extremadura/1749/2014",0.818196799503437,0.594313137806223
"A/Extremadura/1753/2014",1.4822023499655,-0.479022789375825
"A/Extremadura/240460/2023",-0.895388439801272,1.46303396295163
"A/Extremadura/729/2015",-1.09209924176982,3.891032199898
"A/Fes/67/2016",2.51092314559365,-1.78420397363423
"A/Fianarantsoa/01771/2024",1.89841658802341,0.704913620895832
"A/Fiji/2/2015",-0.233665242548215,5.73353716259745
"A/Finland/196/2012",-0.768021344373456,1.41593507754183
"A/Finland/385/2013",1.04138244838111,0.506566217690214
"A/Finland/40/2010",0.47736663298702,-1.21285643259902
"A/Finland/410/2014",1.36272879556632,-0.468667582098182
"A/Finland/411/2014",0.486404615650209,2.79373909495228
"A/Finland/462/2014",2.47036329324202,-1.11122735728814
"A/Finland/486/2004",3.49237076127114,-3.49545400914739
"A/Finland/487/2004",3.55003546685975,-4.43711716866239
"A/Finland/586/2016",3.44506070092178,-0.15601581716656
"A/Finland/640/2009",0.0143881765248477,-1.46416064872266
"A/Finland/9/2008",-0.441486003367114,-6.30275898815516
"A/Firenze/1/2011",2.5110894593856,-1.75062648679638
"A/Firq/7245406/2024",-0.156308321173133,0.390521410192113
"A/Florida/02/2021",0.98423917228289,0.404850841807205
"A/France/33503/2023",0.22551785380479,1.11396981483256
"A/France/BFC-IPP14556/2024",-0.156309822698942,0.390521369114466
"A/France/BFC-RELAB-IPP13100/2024",-0.184696096129392,-1.3249589445405
"A/France/BRE-IPP10218/2024",1.02331509431245,1.83332408988872
"A/France/GES-IPP14626/2024",-0.646717763229108,2.23959128661368
"A/France/GES-RELAB-IPP10320/2024",0.0793973186175934,0.144403009600356
"A/France/GES-RELAB-IPP12570/2024",0.287260357252911,-0.198319790755061
"A/France/GES-RELAB-IPP12571/2024",-0.322912166558071,2.50229304744148
"A/Fujian-Licheng/1729/2017",-1.1754059275469,-1.77981018878834
"A/Galanta/592/2013",1.60183530569239,0.0320606111597183
"A/Galati/47519/2011",-2.90586839762052,-2.49124641662117
"A/Galicia/1786/2014",0.91461221511445,2.35936843168567
"A/Galicia/760/2015",1.29080607346565,-0.713379400085523
"A/Galicia/RR9908/2012",-4.43824299829577,1.08966699455746
"A/Galicia/RR9911/2012",-3.72596474372526,-1.45364121837813
"A/Gavle/SE23-16072/2023",0.836366886673355,-0.777567189559706
"A/Gaziantep/1950/2016",3.55494613069802,-0.622796034868766
"A/Georgia/1041/2016",3.96077877763688,-0.0149658446746518
"A/Georgia/255/2012",-1.60199574488769,1.30485923951649
"A/Georgia/301/2012",0.869368083002916,1.15559221784203
"A/Georgia/370/2012",0.243281256545853,-0.119282169101499
"A/Georgia/512/2012",-3.41998497300462,-0.186614533105762
"A/Georgia/532/2015",2.12561551453943,-0.75749802024369
"A/Georgia/584/2014",-0.218371932206709,2.24983752001201
"A/Ghana/1031/2024",-0.970668705894394,0.818015886703657
"A/Ghana/1406/2024",-0.634577309510986,0.706619682474773
"A/Ghana/1724/2022",1.22650772988799,1.76083068650947
"A/Ghana/1725/2024",-1.15775988940214,1.56729814752386
"A/Ghana/2717/2017",3.05144293608765,-0.541253264464231
"A/Ghana/3409/2024",-0.575134092945109,2.77220908955576
"A/Ghana/6173/2024",0.994198724311813,-1.15360919081508
"A/Ghana/7129/2024",0.23313418037476,-1.05275833523302
"A/Ghana/7376/2024",0.148715202067527,-1.33321419500937
"A/Ghana/758/2018",-0.864152614330283,-1.02144154370688
"A/Ghana/818/2024",-0.268194964780446,-0.55398374970804
"A/Ghana/ARI-15-0132/2015",3.28608119308732,-1.82103478318667
"A/Ghana/DARI-0063/2013",-1.84445983958998,2.23620719656947
"A/Ghana/DARI-13-111/2013",1.33781882664255,1.12526661546979
"A/Ghana/DILI-0405/2012",-6.13201016627138,1.26398721577977
"A/Ghana/DILI-0467/2013",1.30671270458286,-0.275802804262748
"A/Ghana/DILI-0479/2014",3.21709025536047,0.343150904638801
"A/Ghana/DILI-0483/2014",3.42137754637032,0.616259739101497
"A/Ghana/DILI-495/2013",0.785605157374113,0.00276979367099043
"A/Ghana/FS-11-1981/2011",-0.162444752093148,0.307529192647088
"A/Ghana/FS-2240/2009",-2.39324706670146,-3.66846730283244
"A/Ghom/9677/2011",-1.87993691303626,0.438042896804099
"A/Gifu/46/2014",2.79690867163861,-1.38337409033379
"A/Glasgow/4165/2014",3.12904330327833,0.202965538240107
"A/Glasgow/RVL5/2012",-2.25183575371584,2.42130602498791
"A/Goteborg/SE24-14319/2024",0.68351817017702,-1.13418976866557
"A/Gothenburg/1/2010",-2.43762169114722,0.255173283401587
"A/Greece/1430/2018",-0.546215485773278,-1.65931539274775
"A/Greece/17/2015",-0.453169594270048,2.68189735336428
"A/Greece/2263/2014",2.62546030074799,0.0931124260345354
"A/Greece/4/2017",1.85113370932671,-1.28442296000997
"A/Guadeloupe/202/2010",-0.202513359317394,-1.63122799057732
"A/Guizhou-Xinyi/1799/2014",0.940966160853411,2.8891141285296
"A/Guyane/1742/2015",3.17524740890715,-0.601708681144275
"A/Halmstad/SE24-03868/2024",-0.719025500206273,-0.303917124988189
"A/Hamburg/1/2012",-2.89494609775238,0.947119559633969
"A/Hawaii/22/2012",-1.67582736517159,-0.220533210908491
"A/Henan-Xigong/11041/2014",2.0904338960139,0.354895783520955
"A/Henan/Jinshui/147/2007",3.16245550484134,-6.41688279846668
"A/Hessen/14/2017",4.04125970933445,-0.691232226114004
"A/Hessen/42/2019",0.940504392850275,-1.95996171908958
"A/Hessen/45/2022",1.21827586313942,-1.93302596082141
"A/Hiroshima/52/2005",3.63788177163674,-6.45682117217707
"A/Hokkaido/6/2015",2.91405178301378,-1.08316453235299
"A/HongKong/1973/2024",0.263613207024075,1.16251386455809
"A/HongKong/2121/2024",-0.701686249903645,1.61610302603443
"A/HongKong/2122/2024",0.263612953874777,1.16251424075641
"A/HongKong/2123/2024",-0.974939883977217,1.68991705952711
"A/HongKong/2725/2024",0.049114806652303,2.53030433538095
"A/HongKong/2752/2024",0.994197936657449,-1.15360844351408
"A/HongKong/2753/2024",1.04469808952904,2.6690193439726
"A/HongKong/2798/2024",0.269427362663765,1.64574461034416
"A/HongKong/2810/2024",-1.08390614140717,2.01154371596631
"A/HongKong/2837/2024",0.652655581229812,1.63034803323362
"A/HongKong/2861/2024",1.04469956368726,2.66902025270176
"A/Hubei-Dongbao/1205/2015",2.68043199352379,-1.7137994040846
"A/Hunan-Lusong/1532/2013",-1.84445183642231,2.23623937738111
"A/Hungary/148/2023",-1.02149006935153,1.34230613120641
"A/Hungary/169/2023",-0.903367438506674,0.196058789985306
"A/Hungary/174/2023",-0.744257931161834,1.24144643901376
"A/Hungary/175/2016",4.29945055263554,-1.66719812810569
"A/Hungary/191/2016",4.11985302732595,-1.28300881775313
"A/Hungary/195/2016",2.85961855358622,-1.61587711681223
"A/Hungary/197/2016",3.41929539242975,-1.54267547935863
"A/Hungary/199/2023",-1.76535928344882,0.803453682880322
"A/Hungary/206/2023",-0.829806340783814,0.71093328231001
"A/Hungary/288/2024",1.01482095699084,-1.27438842625817
"A/Hungary/289/2024",1.009027367567,-1.23370605570257
"A/Hungary/423/2015",2.68043228496148,-1.71379976955143
"A/Hungary/436/2015",-1.44411712670946,3.46422782641651
"A/Iasi/565596/2024",0.263623972345077,1.16247470430632
"A/Iasi/567841/2024",0.887827272828883,0.152105285780662
"A/Ibra/7246065/2024",-0.550886522029422,0.286460249055492
"A/Iceland/108/2018",-1.02652906547012,-0.811185853442283
"A/Iceland/136/2017",1.45281224787572,-1.19646754587559
"A/Iceland/24/2012",1.63574572851144,0.76142784800445
"A/Iceland/25/2012",-0.547080662643489,1.85070766635692
"A/Iceland/34327/2023",-0.169075240246834,1.17267951361851
"A/Iceland/35353/2024",0.571544114988592,2.49536135050573
"A/Iceland/36410/2024",0.571548277186863,2.4953661621029
"A/Iceland/37008/2024",0.490893412683789,-1.42727930618661
"A/Iceland/37274/2024",0.994200405915846,-1.1536111378406
"A/Iceland/40/2017",4.82966967638275,-1.22814617585959
"A/Iceland/45/2014",1.69037509196938,-0.275761550554236
"A/Iceland/56/2013",-2.49407169202403,2.18792973700542
"A/Iceland/64/2017",4.8296863997935,-1.22815190591989
"A/Iceland/65/2016",4.11979110590065,-1.28298649797522
"A/Iceland/70/2016",4.02065991141378,-1.42749655919638
"A/Iceland/7184/2024",1.07012936347397,1.25878447187949
"A/Iceland/72/2016",4.23446784245425,-1.11955257618642
"A/Iceland/74/2016",3.99404682728935,-0.383987306769402
"A/Iceland/76/2016",4.09732115399695,-1.52073950070793
"A/Iceland/78/2016",3.85239453508204,-1.59503366163328
"A/Iceland/84/2016",2.95281746856127,-1.01884219263632
"A/Idaho/69/2023",0.340061568642076,1.05948212767538
"A/Ile_de_France/03349/2024",-0.634572831260033,0.706622487081196
"A/Ile_de_France/03976/2024",0.635262215019608,-0.798612820114901
"A/Ile_de_France/04381/2024",-0.634577787382835,0.706619383573861
"A/Ile_de_France/04632/2024",-0.719025357441099,-0.303917251152215
"A/Ile_de_France/04633/2024",0.00242368043132117,-0.0505672404971902
"A/Ile_de_France/05012/2024",-0.719025732444991,-0.303916920180219
"A/Ile_de_France/05017/2024",-1.17080158568568,1.43354131715359
"A/Ile_de_France/05020/2024",-0.497495372469191,-0.503768950399722
"A/Iowa/19/2010",-0.497294434111035,-1.81151725121776
"A/Iran/55457/2016",2.93817524051165,-0.715040547535766
"A/Iran/8N28/2024",0.656539344462888,0.460775127381513
"A/Ireland/00000108/2024",0.399709757704966,-0.539343724964337
"A/Ireland/00028483/2024",0.263613976757825,1.16251418425884
"A/Ireland/00105655/2023",-1.41604808503739,1.31792336647927
"A/Ireland/00367/2013",-5.17084208967184,0.172737783157214
"A/Ireland/00492/2017",4.11280593761756,-1.57302590292954
"A/Ireland/13527/2011",-5.03077739015228,-1.78869416793131
"A/Ireland/14M00149/2013",0.560847747902585,0.371851588250385
"A/Ireland/22878/2014",1.81202298925168,0.0474675384806109
"A/Ireland/80971/2016",4.11982838184292,-1.28299970788552
"A/Ireland/81104/2016",2.85292172079814,-0.2106854534396
"A/Ireland/81180/2016",4.18327617790093,-0.830902180286975
"A/Ireland/81354/2016",4.30969848430286,-1.39072477942714
"A/Ireland/82745/2016",3.62021383383942,-0.0551198708400064
"A/Ireland/M20189/2013",-0.710208758856499,1.91236441348464
"A/Ireland/M28859/2013",-0.772445779127191,1.85997549890283
"A/Israel/178/2018",0.968284807629352,-0.835494658891145
"A/Israel/590/2018",0.628380032870704,-3.00914641352471
"A/Israel/8701/2018",-1.03636697603037,-1.17421016497835
"A/Israel/8989/2018",0.261276501864676,-2.85794207337688
"A/Israel/C-791/2017",4.8172620830023,-1.67977792364561
"A/Israel/O-6286/2014",2.64511478112789,-0.713145075367389
"A/Israel/O-6994/2014",3.23068109510611,-1.51301409879086
"A/Israel/O-7414/2014",0.282923641916934,3.68437878675494
"A/Israel/R-742/2016",2.06420002996271,-2.8323246074139
"A/Israel/R1564/2024",-0.143437612366691,1.24131615258747
"A/Israel/R1571/2024",-0.418769171866943,0.315547863498325
"A/Israel/R1598/2024",-0.939280707761501,1.02827166946463
"A/Israel/R1805/2024",-0.581313428662706,1.72196952654832
"A/Israel/R1836/2024",0.0564052442031717,1.51354242844706
"A/Israel/R18785/2024",0.677385261302173,0.379839283837499
"A/Israel/R1880/2024",-1.63313315885853,2.79815674857188
"A/Israel/R1994/2024",-0.780642790434147,0.377454636909702
"A/Israel/R2058/2024",-0.895391001146387,1.46302785035632
"A/Israel/R2212/2024",-0.68795471441921,2.45047253627919
"A/Israel/R2231/2024",-1.34948660887842,-0.143858227424512
"A/Israel/R2239/2024",-0.418776820283267,0.315543093284112
"A/Israel/R2254/2024",-0.925830750736886,1.40422515349942
"A/Israel/SK521/2017",4.25953808710361,-1.53276594533995
"A/Izmir/1020/2016",3.43381704677771,-0.330234285277053
"A/Izmir/3575/2016",3.44085751758213,0.200978742269843
"A/Jiangsu-Qingpu/1660/2015",1.41147961367978,1.57592102987597
"A/Jiangxi-Donghu/11101/2014",0.348157206239952,5.14106925811805
"A/Jiangxi-Yushui/1220/2013",-0.896084629585528,1.60377824833502
"A/Johannesburg/107/2011",-4.14574498007428,-5.61207202469038
"A/Johannesburg/126/2009",-0.901205507526354,-2.78648099655416
"A/Johannesburg/91/2007",1.66805178836874,-1.28902412081365
"A/Jonkoping/SE24-14227/2024",0.175540153684162,1.72911828839227
"A/Jordan/20110030749/2011",-1.1268834595555,1.00034035867595
"A/Jordan/20160020743/2016",3.64512496655961,-1.15844642250523
"A/Jordan/20170020076/2017",3.9192954554496,-1.15743815954606
"A/Jordan/20564/2013",0.94551034279556,2.24342785844769
"A/Jordan/30541/2013",1.4972972146756,-0.2241968328567
"A/Jordan/30586/2013",-0.287439035204657,2.65551425050489
"A/Jordan/30677/2013",-0.00146914358000167,-0.813041352337588
"A/Jordan/J-16-4294/2017",4.11280267166657,-1.57302433981449
"A/Kaliningrad/4/2015",3.10647992571185,-1.43533523542788
"A/Kazakhstan/275/2023",-0.687915610413944,2.45045811307188
"A/Kazakhstan/277/2023",-1.80206521317898,1.8216827396669
"A/Kazakhstan/336/2023",-0.687972527334145,2.45047985475391
"A/Kazakhstan/3782/2014",2.19466568207083,0.275527307779448
"A/Kazakhstan/3791/2014",2.78470339318447,0.16961809413267
"A/Khabarovsk/3/2015",2.62742938451503,0.0359158698889214
"A/Kharkiv/444/2018",-0.0466074632222806,-1.55191713785081
"A/Khmelnitsky/1958/2016",4.05876635037108,-1.2099220179365
"A/Khmelnitsky/1981/2016",2.46802520261145,-1.27510424945953
"A/Khmelnitsky/2245/2016",3.76943637340528,-1.00064678036538
"A/Khmelnitsky/244/2014",0.369876053325468,2.53523158221324
"A/Khmelnitsky/467/2015",2.92235006701759,-2.59215002616214
"A/Krasnodar/RII-02/2024",0.812239277519258,1.88817439061234
"A/Krasnoyarsk/RII07/2017",4.57796256025856,-0.863868623558915
"A/Kurgan/24/2016",4.37242404504383,-1.49405495293225
"A/Kyiv/1/2022",-1.96942412603411,-0.766282044642022
"A/Kyiv/926/2016",4.30970252095751,-1.39072689824325
"A/Kyrgyzstan/117/2023",-0.687982357719465,2.45049001950337
"A/Kyrgyzstan/124/2023",-0.0324493861770379,0.975541072218693
"A/Kyrgyzstan/14/2023",-0.87991616309569,1.65661282030427
"A/Kyrgyzstan/15/2017",3.95736149865377,-1.44242977202311
"A/Kyrgyzstan/16/2023",0.0601873604790381,0.727196944581768
"A/Kyrgyzstan/20/2023",-0.532610757695021,0.759493782492386
"A/Kyrgyzstan/23/2023",-0.658502114288166,1.2796877170658
"A/Kyrgyzstan/28/2016",3.68869320998183,-0.736414174572155
"A/Kyrgyzstan/29/2016",3.25953889098931,-0.811489542157014
"A/Kyrgyzstan/39/2023",0.00699099657282039,2.07367982341209
"A/Kyrgyzstan/58/2023",-0.169416430218401,1.3579181819375
"A/Kyrgyzstan/99/2023",0.360461268076368,1.50130701664111
"A/LaRioja/2274/2024",0.191682540734049,1.51298089133548
"A/Laos/1810/2015",3.16025775656075,-2.117190213882
"A/Latvia/01-024575/2017",2.93817792549242,-0.71504665759785
"A/Latvia/01-091445/2023",-1.05035078180786,-3.15245717350963
"A/Latvia/02-056748/2017",3.78210393703092,-0.684691718530438
"A/Latvia/04-003626/2017",3.78211011761179,-0.68469332396911
"A/Latvia/11-002559/2017",1.11306216422592,-1.49779568777601
"A/Latvia/11-072125/2016",4.68030155677898,-0.60521344332505
"A/Latvia/12-005233/2018",2.10288544391037,-1.31346690371419
"A/Latvia/12-020474/2016",4.25875585736251,-1.410802329678
"A/Latvia/12-066660/2014",0.281181670220903,4.74969552240836
"A/Latvia/12019591/2013",0.860336802900562,1.35096172374233
"A/Leon/201/2015",0.810852899633131,2.92534819792826
"A/Liaoning-Baita/1293/2015",2.68043202953478,-1.71379942904065
"A/Liaoning-Heping/1430/2014",0.622241799650498,4.30831938762683
"A/Liaoning-Shuangta/1491/2015",3.34299829868223,-0.702359698881684
"A/Lille/50053/2022",-0.555307112022637,-0.855946324447365
"A/Limoges/3105/2013",1.12154200274106,1.95237920078571
"A/Linkoping/2/2017",4.95913305588501,-0.410958914230051
"A/Linkoping/3/2017",1.19020837647492,-0.803915195751741
"A/Lisboa/178/2024",0.665052585479083,-0.573944656690211
"A/Lisboa/216/2023",0.0828618033788855,0.616407811005327
"A/Lisboa/MS105/2014",1.70952964338242,-0.104317151460358
"A/Lisboa/SU34/2014",3.67179584221968,-1.73213730974411
"A/Lithuania/11496/2014",1.60752542010696,0.0553355722315446
"A/Lithuania/142K/2009",-0.88181185372876,-3.9965882467206
"A/Lithuania/6165/2017",3.05945136787419,-1.18733347849706
"A/Lithuania/6583/2017",3.48702425979147,-1.87072770790403
"A/Lithuania/7612/2017",5.24691591641587,-1.08995936872476
"A/Lithuania/7703/2017",4.40128829059454,-0.830073105025647
"A/Lithuania/7906/2017",3.56527411097026,-1.25089788119132
"A/Lithuania/8237/2014",-0.936087249532299,2.60729078168385
"A/Lithuania/9133/2014",-0.0346377343785422,2.57336902051053
"A/Luxembourg/510839/2023",-0.196836474812253,0.866615383299671
"A/Luxembourg/62062/2016",4.11164921245337,-0.996835524880498
"A/Lyon/1381/2007",3.70948641859591,-11.0280342299226
"A/Lyon/1715/2009",-0.272801940133982,-1.29289288116111
"A/Lyon/2429/2014",1.79379456797867,-0.517700770239282
"A/Lyon/2608/2015",3.5938445360086,-1.05470657353705
"A/Macedonia/723/2019",0.692454027750916,-1.73635922876232
"A/Madagascar/00153/2014",-0.177813448832412,0.681177677539913
"A/Madagascar/03198/2024",1.40457164131411,0.0808574131473065
"A/Madagascar/03416/2024",1.10916651541478,-1.45596953964667
"A/Madagascar/04245/2013",-0.634821577999615,2.56018513488352
"A/Madagascar/2395/2014",2.78469671669566,0.169618205436805
"A/Madagascar/3069/2014",3.03841419041669,0.312868826775467
"A/Madagascar/897/2014",-0.882479981068435,2.55088384478125
"A/Madrid/15042/2014",3.10800310396372,-0.140617767238246
"A/Madrid/15053/2014",-0.95739180180492,2.97472997360899
"A/Madrid/SO13031/2014",-0.212178174564504,1.62930294351253
"A/Maevatanana/974/2013",-4.10232324691243,1.172319656473
"A/Magadan/187/2017",1.74132903007486,-0.517415945053564
"A/Malta/MX502071/2015",3.20799079905497,-1.31999166249118
"A/Manandona/03215/2023",-3.59639544153432,0.951097760865252
"A/Mardin/2834/2016",3.54910618993601,0.0842636319164578
"A/Marseille/2588/2015",4.26768164875555,-0.747499211649723
"A/Mauritius/1186095/2024",0.269759195989137,-0.189049041797177
"A/Mauritius/167/2013",-0.875373610562408,1.42354031050977
"A/Mauritius/511/2009",-1.20791903264232,-3.52306283940337
"A/Mauritius/610/2013",-0.488810019588031,0.833283642820991
"A/Mauritius/703/2013",-0.800640394700551,1.17598187930281
"A/Mauritius/I-1020/2018",3.01932708091692,-0.936433488662604
"A/Mauritius/I-1058/2018",0.286090081554779,-0.677956104516885
"A/Mauritius/I-1072/2018",0.286088316198794,-0.67795690572721
"A/Mauritius/I-176/2024",0.118570042852095,2.47571199374815
"A/Mauritius/I-183/2024",0.84970288204223,-0.530229069418918
"A/Mauritius/I-185/2024",0.112420254264675,1.3994021679417
"A/Mauritius/I-186/2024",0.359645246742061,1.91142497650666
"A/Mauritius/I-240/2015",3.1357476465101,-0.628596487377234
"A/Mauritius/I-3006/2019",0.375223318676931,0.354144507386975
"A/Mauritius/I-925/2018",-0.988596987959039,-1.34492279051981
"A/Mayotte/2097/2016",4.14504760998908,-1.44823151067053
"A/Michigan/173/2020",1.13237860076517,-0.57935324237747
"A/Milano/119/2015",-0.88247745252418,2.55088663576173
"A/Milano/169/2014",3.1952778703946,-0.747236856685904
"A/Milano/58/2014",0.629876990809103,2.57857580100875
"A/Milano/59/2013",1.4783178224884,-0.327259480901239
"A/Milano/72/2014",2.75217762210698,-0.413546582975237
"A/Minsk/1737/2012",-0.268360401917093,0.102508556457197
"A/Montana/05/2011",-1.23966974772352,-1.1788595295755
"A/Montenegro/78/2016",3.82979699852111,-1.12765020006772
"A/Morocco/1846/2024",-2.36872597474505,1.90203719588224
"A/Navarra/1528/2013",0.727335437885896,-0.150986271257319
"A/Navarra/2114/2024",0.274777932443786,-1.37086277791698
"A/Navarra/616/2015",2.52295982486689,-1.56120956178974
"A/Navarra/618/2015",1.46685664865749,-0.467474565575312
"A/Navarra/642/2015",3.55121759345795,-0.323485149954592
"A/Navarra/745/2015",0.351883280022367,0.751172264078807
"A/Nebraska/4/2014",0.555367075646817,3.68909753027372
"A/Nepal/921/2006",3.28345629191566,-6.31833444423875
"A/Netherlands/01729/2023",-0.164629004530669,2.06447196668887
"A/Netherlands/01733/2023",-0.923494084971455,1.60962638749935
"A/Netherlands/01777/2024",0.540138782190188,2.49290403100807
"A/Netherlands/01829/2024",2.88656378780018,0.952087055049531
"A/Netherlands/02093/2024",2.12754979460897,0.541495489198765
"A/Netherlands/10205/2021",-0.713034171350956,-3.84527197112883
"A/Netherlands/10260/2018",0.277711971388337,-1.77575552787261
"A/Netherlands/10510/2024",1.98939781775389,0.657589935398395
"A/Netherlands/10563/2023",0.0473799979251188,0.485094041302917
"A/Netherlands/132/2004",2.96603974041439,-6.28507464125709
"A/Netherlands/34/2010",0.470114379882831,-0.220945897600202
"A/Netherlands/398/2014",1.28989796149619,-0.656405270586317
"A/Netherlands/761/2009",-1.08442496918621,-7.52331347740202
"A/Nevada/05/2007",0.782644244470504,-1.63507751912644
"A/Newcastle/22/2014",2.08243325408598,-1.37654041430014
"A/Niedersachsen/113/2013",-0.0366466971420281,1.70573285053963
"A/Niedersachsen/5/2017",4.55907151261249,-1.28922138885406
"A/Nitra/157/2017",3.06537362780516,-1.0013711376047
"A/Norway/0144/2015",-0.981085836298614,3.31357297377347
"A/Norway/11294/2023",0.161450982855785,1.21066737477488
"A/Norway/1191/2004",2.40723371171552,-7.08971111834255
"A/Norway/12374/2023",1.35066696484683,-0.68513006745366
"A/Norway/1592/2024",-1.35112886140151,0.504872667570573
"A/Norway/1775/2011",-6.37948340494916,-1.67579764710293
"A/Norway/1934/2017",4.21023357719699,-1.39033806249996
"A/Norway/1940/2017",3.45029356005135,-0.111563077651956
"A/Norway/2400/2011",-5.09108729123674,-1.60895343155745
"A/Norway/2629/2017",2.98580321175577,-0.764426050827853
"A/Norway/272/2014",-0.473017109408334,0.713264031715523
"A/Norway/28542/2022",-1.58223121498951,-0.249084539339312
"A/Norway/3079/2014",-1.5372628479553,3.34639164518475
"A/Norway/3266/2013",-0.788757450110723,2.01767395210055
"A/Norway/3275/2018",1.6441396309737,-1.26581255647877
"A/Norway/3290/2013",-2.5943049470291,2.63450994192338
"A/Norway/4395/2016",3.64307691975489,-1.0432552050184
"A/Norway/4465/2016",3.55556620216535,-0.925905011197666
"A/Norway/4497/2016",4.17183453698577,-0.931933875983465
"A/Norway/58/2014",0.661082475417824,2.21945891712938
"A/Norway/685/2011",0.140327385122766,-0.671425663735809
"A/Oklahoma/05/2024",0.907246955524715,-0.141468456062163
"A/Omsk/4174/2016",3.97249405830068,-0.78866761753538
"A/Palau/6759/2014",1.06158552669329,1.0670300088009
"A/Palermo/6/2016",1.45871611683166,-1.53728261660782
"A/Panama/2007/1999",0.964954324160369,-1.89648409258712
"A/Panama/307149/2010",0.793482405957754,-1.4868774079757
"A/Paris/1744/2011",1.08932275963374,-0.476092099661184
"A/Paris/1988/2012",1.39804384495797,-0.701716852243867
"A/Paris/2133/2011",0.200987305605115,0.855735312351445
"A/Paris/2332/2014",2.91199024135798,-0.887384152026382
"A/Parma/173/2011",-4.43679265414535,0.481329660379524
"A/Parma/28/2014",1.39038141983688,0.701905263147424
"A/Perth/10/2010",-0.422951390784758,-1.62164493266995
"A/Perth/16/2009",-1.13210895550514,-3.03948205127578
"A/Poland/PL65/2022",-2.9306311867401,1.04563946405197
"A/Rheinland-Pfalz/17/2014",1.37060558388476,-1.06843877504515
"A/Sachsen/74/2016",1.69388300728904,-1.33562796913832
"A/Samara/73/2013",0.866921681936691,0.367561744268771
"A/Serres/77/2007",3.52057809112511,-5.26728641172475
"A/Shanghai-Fengxian/1912/2023",-0.5132084385936,1.15306759217687
"A/Singapore/37/2004",3.51840873610877,-4.72244189143597
"A/Sofia/319/2007",3.28348962890571,-5.77860488547395
"A/Stockholm/1/2013",2.55198984979314,-0.897408523566291
"A/Stockholm/5/2021",0.421201675183968,-0.302711355604063
"A/Switzerland/28719/2022",0.671759938313974,0.606688537489149
"A/Switzerland/8060/2017",2.5393621263475,-1.42039245605498
"A/Switzerland/9715293/2013",2.15022285554159,0.231117870013713
"A/Ukraine/354/2021",-0.389265271659953,-2.32906339248882
"A/Uruguay/716/2007",2.37325624229795,-6.19747934411704
"A/Victoria/110/2004",3.25125137533562,-5.00857400634315
"A/Victoria/361/2011",0.0490242985589197,-1.14613014901491
